;;;;;;;;;;
NO;F/FATURA ADI;TARH;TUTAR;KDV;GEN.TOP.;HARCAMA;HARCAMA CNS;AIKLAMA;DNEM;DKLEN BETON
1;ADALET BAKANLII;18.01.2019;647,50   ;52,50   ;700,00   ;VERG/HAR;HAR;SMAL CONSTRUCTION KURULUMU N;Oca.19;
2;POLGRAF SERVS LTD;18.01.2019;38,14   ;6,86   ;45,00   ;KIRTASYE;KIRTASYE;KAE YAPIMI;Oca.19;
3;BBLUS LTD;18.01.2019;43,04   ;7,76   ;50,80   ;KIRTASYE;KIRTASYE;KLASR,DOSYA,DELGE,ZIMBA;Oca.19;
4;MTEFERK HARCAMA;18.01.2019;207,50   ;42,50   ;250,00   ;VERG/HAR;NOTER;NOTER VE TERCMAN CRET 2AD.2 ER TANE;Oca.19;
5;MTEFERK HARCAMA;18.01.2019;11,00   ;0,00   ;11,00   ;DER GDERLER;DER;PARK CEZASI;Oca.19;
6;MTEFERK HARCAMA;18.01.2019;20,00   ;0,00   ;20,00   ;DER GDERLER;DER;PARKETME VERGS;Oca.19;
7;MTEFERK HARCAMA;18.01.2019;15,00   ;0,00   ;15,00   ;DER GDERLER;GIDA/TEM.MLZ;SABAH KAHVALTI EREN CAN MEK;Oca.19;
8;MTEFERK HARCAMA;18.01.2019;18,20   ;0,00   ;18,20   ;DER GDERLER;DER;OTOPARK BAH;Oca.19;
9;MTEFERK HARCAMA;27.02.2019;36,80   ;0,00   ;36,80   ;DER GDERLER;YEMEK;EREN BEY, TAHSN BEY, TAMAZ BEY;ub.19;
10;MAGT GSM;27.02.2019;19,68   ;4,32   ;24,00   ;LETM;TELEFON/NTERNET;TAHSN BEY, EREN BEY 5 GB 12 LAR;ub.19;
11;MTEFERK HARCAMA;27.02.2019;2,00   ;0,00   ;2,00   ;DER GDERLER;DER;OTOPARK;ub.19;
12;MTEFERK HARCAMA;27.02.2019;2,00   ;0,00   ;2,00   ;DER GDERLER;DER;YEMEK BAH;ub.19;
13;BS METAL GRUP;27.02.2019;23,59   ;5,17   ;28,76   ;MALZEME;HIRDAVAT;BALYOZ, BANT;ub.19;
14;OKRO LTD;25.02.2019;228,78   ;50,22   ;279,00   ;MALZEME;HIRDAVAT;ELDVEN , AYAKKABI, EK 2AD.KESER ,P;ub.19;
15;BSM GEORGA;22.02.2019;14,15   ;2,55   ;16,70   ;MALZEME;HIRDAVAT;3L PRZ 2 ADET;ub.19;
16;BBLUS LTD;28.02.2019;14,94   ;0,16   ;15,10   ;KIRTASYE;KIRTASYE;KIRTASIYE - AJANDA- SLG;ub.19;
17;BS METAL GRUP;26.02.2019;31,94   ;7,01   ;38,95   ;MALZEME;HIRDAVAT;BALYOZ, BANT, KESME TAI;ub.19;
18;OKRO LTD;28.02.2019;41,82   ;9,18   ;51,00   ;MALZEME;HIRDAVAT;12AD ELDVEN, 5AD KESME TAI;ub.19;
19;MTEFERK HARCAMA;27.02.2019;103,00   ;0,00   ;103,00   ;AKARYAKIT;06 AER 902;DUSTER MAZOT ;ub.19;
20;BS METAL GRUP;27.02.2019;50,48   ;11,50   ;61,98   ;MALZEME;HIRDAVAT;ZME 2AD;ub.19;
21;OKRO LTD;27.02.2019;49,20   ;10,80   ;60,00   ;MALZEME;HIRDAVAT;ZME 3AD;ub.19;
22;MTEFERK HARCAMA;4.03.2019;12,95   ;0,00   ;12,95   ;MALZEME;ELEKTRK MALZEME;3 L PRZ;Mar.19;
23;MTEFERK HARCAMA;2.03.2019;30,00   ;0,00   ;30,00   ;VERG/HAR;HAR;KRALIK ARA SZLEME TERCMES;Mar.19;
24;MERAB DEVADZE;5.03.2019;5,08   ;0,92   ;6,00   ;MALZEME;HIRDAVAT;KESER SAPI;Mar.19;
25;BS METAL GRUP;5.03.2019;27,83   ;5,01   ;32,84   ;MALZEME;HIRDAVAT;MATKAP UCU- 7LK BETON, 24LK AHAP;Mar.19;
26;BS METAL GRUP;4.03.2019;47,36   ;8,53   ;55,89   ;MALZEME;HIRDAVAT;20LK AHAP MATKAP UCU, KESER, NLK, AKL;Mar.19;
27;MTEFERK HARCAMA;5.03.2019;48,00   ;0,00   ;48,00   ;DER GDERLER;YEMEK;HALM BEY, TAHSN BEY, EREN BEY;Mar.19;
28;MAGTI;22.02.2019;24,00   ;0,00   ;24,00   ;LETM;TELEFON/NTERNET;2 AD 5GB NTEEERNET - TAHSN BEY, EREN BEY;ub.19;
29;ARHAVI RESTORAN;19.02.2019;15,00   ;0,00   ;15,00   ;DER GDERLER;YEMEK;3 K KAHVALTI;ub.19;
30;MINIMA;5.03.2019;12,40   ;0,00   ;12,40   ;MALZEME;ZCACCYE;LERE SU BARDAK VS.;Mar.19;
31;TSULU;6.03.2019;3,90   ;0,00   ;3,90   ;MALZEME;ZCACCYE;LERE SU BARDAK VS.;Mar.19;
32;MINIMA;6.03.2019;100,00   ;0,00   ;100,00   ;AKARYAKIT;AKARYAKIT;KRALIK MNBS MAZOT;Mar.19;
33;BS METAL GRUP;6.03.2019;57,80   ;10,40   ;68,20   ;MALZEME;HIRDAVAT;1ER AD.  AYAKKABISI, BARET, YELEK, 6AD KESME TAI, GZLK;Mar.19;
34;WISSOL;7.03.2019;100,00   ;0,00   ;100,00   ;AKARYAKIT;06 AER 902;06AER902 YAKIT;Mar.19;
35;GEORGIA YAPI MARKET;8.03.2019;22,46   ;4,04   ;26,50   ;MALZEME;HIRDAVAT;2KG EK;Mar.19;
36;OKRO LTD;9.03.2019;15,25   ;2,75   ;18,00   ;MALZEME;HIRDAVAT;KESME TAI;Mar.19;
37;BATUM MUHTELF HARCAMA;9.03.2019;52,03   ;0,00   ;52,03   ;DER GDERLER;DER;MUHTELF HARCAMA + OTOPARK + VS;Mar.19;
38;BS METAL GRUP;9.03.2019;102,62   ;18,48   ;121,10   ;MALZEME;HIRDAVAT;YEN PERSONELE: AYAKKABISI,YELEK,BARET 3' ER AD./ELDVEN 12 AD.;Mar.19;
39;BS METAL GRUP;9.03.2019;8,90   ;1,60   ;10,50   ;MALZEME;HIRDAVAT;19' LUK KOMBNE ANAHTAR-1 AD.;Mar.19;
40;GEORGO YAPI;9.03.2019;9,07   ;1,63   ;10,70   ;MALZEME;HIRDAVAT;160'LIK PVC BORU 1 mt - 1AD;Mar.19;
41;NOVA YAPI;11.03.2019;18,47   ;3,33   ;21,80   ;MALZEME;HIRDAVAT;IRPI P-1 AD, SPATULA -2 AD., MALA-1 AD.;Mar.19;
42;ATLA LTD.;10.03.2019;86,00   ;0,00   ;86,00   ;DER GDERLER;GIDA/TEM.MLZ;PERSONELE TATLI;Mar.19;
43;BS METAL GRUP;12.03.2019;5,08   ;0,92   ;6,00   ;MALZEME;HIRDAVAT;6 mm SPRAL TAI - 1 AD.;Mar.19;
44;MARTVE-5 LTD.;12.03.2019;10,17   ;1,83   ;12,00   ;MALZEME;HIRDAVAT;2,5 mm SPRAL TAI - 4 AD.;Mar.19;
45;BS METAL GRUP;12.03.2019;28,14   ;5,06   ;33,20   ;MALZEME;HIRDAVAT;20'LK AHAP DELC UC - 1 AD., ELDVEN-12 AD.;Mar.19;
46;KARABAK LOKANTA;12.03.2019;166,50   ;0,00   ;166,50   ;DER GDERLER;YEMEK;GECE BETON DKM PERSONEL AKAM YEME- 9 K;Mar.19;
47;BS METAL GRUP;13.03.2019;18,92   ;3,40   ;22,32   ;MALZEME;HIRDAVAT;12'LK BETON DELC UC-2 AD., KESER-1 AD.;Mar.19;
48;SEB-5 LTD;13.03.2019;100,00   ;0,00   ;100,00   ;AKARYAKIT;AKARYAKIT;KRALIK MNBS MAZOT;Mar.19;
49;NUGZAR AMOLADZE;13.03.2019;9,50   ;0,00   ;9,50   ;DER GDERLER;GIDA/TEM.MLZ;GMRKTE KAHVE;Mar.19;
50;SOCAR PETROL;14.03.2019;100,00   ;0,00   ;100,00   ;AKARYAKIT;06 AER 902;DUSTER MAZOT;Mar.19;
51;BS METAL GRUP;14.03.2019;67,46   ;12,14   ;79,60   ;MALZEME;HIRDAVAT;4 AD. YAMURLUK;Mar.19;
52;MAGT - COM;14.03.2019;3,00   ;0,00   ;3,00   ;LETM;TELEFON/NTERNET;TERCMANA TELEFON KARTI;Mar.19;
53;MAGT - COM;14.03.2019;9,00   ;0,00   ;9,00   ;LETM;TELEFON/NTERNET;H. DLEK RKET HATTINA 3 GB NTERNET YKLEME;Mar.19;
54;MERAB DEVADZE;15.03.2019;11,86   ;2,14   ;14,00   ;MALZEME;HIRDAVAT;KESER SAPI-2 AD, ELK. BANDI-4 AD, IRPI P-1 AD;Mar.19;
55;KARABAK LOKANTA;16.03.2019;38,00   ;0,00   ;38,00   ;DER GDERLER;YEMEK;TAHSN BEY, H. DLEK AKAM YEME;Mar.19;
56;ARHAV RESTORAN;18.03.2019;32,00   ;0,00   ;32,00   ;DER GDERLER;YEMEK;TAHSN BEY, H. DLEK LE YEME;Mar.19;
57;BS METAL GRUP;21.03.2019;95,00   ;17,10   ;112,10   ;MALZEME;HIRDAVAT;KONTEYNER STLERNE ADIR, PENSE 1 AD.;Mar.19;
58;BS METAL GRUP;21.03.2019;-20,00   ;-3,60   ;-23,60   ;MALZEME;HIRDAVAT;ADE EDLD.EREN CAN MEK YANLI ALDII DRSEK ADE EDLD;Mar.19;
59;BS METAL GRUP;21.03.2019;8,39   ;1,51   ;9,90   ;MALZEME;HIRDAVAT;KONTEYNER STLERNE EK ADIR;Mar.19;
60;BS METAL GRUP;22.03.2019;13,11   ;2,36   ;15,47   ;MALZEME;HIRDAVAT;KREK VE SAP 1 AD- KK SU TERAZS 1AD-ELK. BANDI 1AD;Mar.19;
61;BS METAL GRUP;23.03.2019;4,65   ;0,84   ;5,49   ;MALZEME;HIRDAVAT;MALA 1 AD.;Mar.19;
62;KARABAK LOKANTA;23.03.2019;33,00   ;0,00   ;33,00   ;DER GDERLER;YEMEK;TAHSN BEY, H. DLEK AKAM YEME;Mar.19;
63;BAANA LTD. ECZANE;24.03.2019;8,50   ;0,00   ;8,50   ;DER GDERLER;DER;GZ DAMLASI;Mar.19;
64;OKRO LTD.;24.03.2019;50,84   ;9,16   ;60,00   ;MALZEME;HIRDAVAT;BETON VS 5 KG- 10'LUK V 5 KG;Mar.19;
65;EKONOMK MARKET;24.03.2019;10,00   ;0,00   ;10,00   ;MALZEME;HIRDAVAT;100' LK PVC BORU 4 MT;Mar.19;
66;MAGT - COM;25.03.2019;20,00   ;0,00   ;20,00   ;LETM;TELEFON/NTERNET;TAHSN BEY HATTINA NTERNET+KONUMA YKLEME;Mar.19;
67;VERG DARES ;28.02.2019;322,70   ;0,00   ;322,70   ;VERG/HAR; VERGS-MUHTASAR;UBAT 2019 MAALAR VERGS.HAM VERG.UBAT LKLER 1.290,80 *0,25;Mar.19;
68;VERG DARES ;28.02.2019;-210,53   ;0,00   ;-210,53   ;VERG/HAR;KDV-1;AY NDE DENEN KDV DLD.SKONTO YAPILDI.CAR DENEN FATURALAR VERG DARES NDE LSTES MEVCUT;Mar.19;
69;VERG DARES ;28.02.2019;-0,17   ;0,00   ;-0,17   ;VERG/HAR;KDV-1;FARK NEDEN KAYNAKLANDII TESPT EDLEMEDNDEN SKONTO OLARAK KAYDEDLD;Mar.19;
70;M-AL NAAT EML.TAAH.DEK.PROJ.TUR.H.T.TC.VE SAN.LTD.T.;8.03.2019;7.396,02   ;0,00   ;7.396,02   ;DEMRBA;DEMRBA;2.751,70 $ * 2,6800 =12 AYLIK KRA BEDEL=KONTEYNER  2*6  -  KONTEYNER 3*7 - ASKAYNAK NVERTER KAYNAK MAK.-  FMER ANTA KAYNAK - MAKTA HLT-MAKTA DARE TESTERE;Mar.19;
71;M-AL NAAT EML.TAAH.DEK.PROJ.TUR.H.T.TC.VE SAN.LTD.T.;8.03.2019;5.356,79   ;0,00   ;5.356,79   ;DEMRBA;DEMRBA;1.993$ * 2,6800=GEC HRACAT LE GNDERLEN MALZEMELER.BEDELSZ.GMAKSAN BD36  DEMR BKME - TECMOR C45 DEMR KESME - GEKA MAC KAYNAK MAKNASI ( SZLEME OLMADII N HALM DLEK TESLM ALIRKEN KT LEM YAPTIRMI );Mar.19;
72;YEMENOULLARI HIRDAVAT OTOMOTV ARA KRALAMA SANAY VE DI TCARET  LTD.T.;8.03.2019;9.487,36   ;0,00   ;9.487,36   ;MALZEME;HIRDAVAT;METAL KESME TAI-KABLO TTR - REFLEKTRL YELEK SARI-YANGIN HORTUMU;Mar.19;
73;GLTEKN ULUSLARARASI TAIMACILIK VE TC.LTD.T.;8.03.2019;7.391,45   ;0,00   ;7.391,45   ;NAKLYE;NAKLYE;GEBZE-GRCSTAN-1.NAKLYE BEDEL  (KONTEYNER-KAYNAK MAK.-DEMR BKME-DEMR KESME ) 2.750$*2,6878 = 7.391,45;Mar.19;
74;VERG DARES ;15.03.2019;0,00   ;5.314,00   ;5.314,00   ;VERG/HAR;KDV-1;KDV-1.  15.03.2019 TARHNDE 1.NAKLYE LE GELEN MALZEMELER ( M-AL N+ M-AL N+ YEMENOULLARI );Mar.19;
75;VERG DARES ;15.03.2019;13,00   ;0,00   ;13,00   ;VERG/HAR;DER;GMRK VERGS 15.03.2019 TARHNDE 1.NAKLYE LE GELEN MALZEMELER ( M-AL N+ M-AL N+ YEMENOULLARI );Mar.19;
76;CETO LOGISTIK LTD GEORGIA;4.04.2019;7.398,60   ;0,00   ;7.398,60   ;NAKLYE;NAKLYE;STANBUL-BATUM IKINTILI YK NAKL. BUHAR KAZANI;Nis.19;
77;EFE TIR LTD;4.04.2019;4.842,72   ;0,00   ;4.842,72   ;NAKLYE;NAKLYE;STANBUL-BATUM NAKLYE CRET.SU TANKI VE BUHAR KAZANI PARALARI;Nis.19;
78;M-AL NAAT EML.TAAH.DEK.PROJ.TUR.H.T.TC.VE SAN.LTD.T.;3.04.2019;8.081,10   ;0,00   ;8.081,10   ;KRA BEDEL;KRA BEDEL;3.000$*2,6904=12 AYLIK KRA BEDEL = SARI KAZAN  BUHAR KAZANI + TANSAN RIELLO BUHAR KAZANI + SARI KAZAN SU TANKI 15 TONLUK;Nis.19;
79;BANK OF GEORGIA;22.02.2019;10,00   ;0,00   ;10,00   ;BANKA MASRAF;DER;HESAP AMA CRET;ub.19;
80;BANK OF GEORGIA;22.02.2019;2,00   ;0,00   ;2,00   ;BANKA MASRAF;DER;SMS LE BLDRM CRET;ub.19;
81;KETEVAN KAXDZE-MUHASEBEC CRET;12.03.2019;250,00   ;0,00   ;250,00   ;VERG/HAR;MUHASEBE;KETEVAN KAXDZE-MUHASEBEC CRET;Mar.19;
82;JUNA KITAZBA -AVUKAT CRET;12.03.2019;250,00   ;0,00   ;250,00   ;VERG/HAR;AVUKAT;JUNA KITAZBA -AVUKAT CRET;Mar.19;
83;BANK OF GEORGIA;12.03.2019;1,00   ;0,00   ;1,00   ;BANKA MASRAF;DER;BANKA MASRAF-VERG DEME KOMSYONU;Mar.19;
84;LKLER;28.02.2019;1.290,80   ;0,00   ;1.290,80   ;LK;MAA;UBAT 2019 MAALAR TOPLAMI;ub.19;
85;M-AL NAAT EML.TAAH.DEK.PROJ.TUR.H.T.TC.VE SAN.LTD.T.;5.04.2019;12.913,44   ;0,00   ;12.913,44   ;KRA BEDEL;KRA BEDEL;4.800$*2,6904=12 AYLIK KRA BEDEL =YKSAN PORTAL VN-SEKZL PORTAL VN- 12 AYLIK KRA BEDEL;Nis.19;
86;LKLER;31.03.2019;33.029,04   ;0,00   ;33.029,04   ;LK;MAA;MART 2019 LKLER TOPLAMI;Mar.19;
87;M-AL NAAT EML.TAAH.DEK.PROJ.TUR.H.T.TC.VE SAN.LTD.T.;17.04.2019;12.075,41   ;0,00   ;12.075,41   ;KRA BEDEL;KRA BEDEL;4.488$*2,6904=12 AYLIK KRA BEDEL=DEMR TEZGAHLARI+PREFABRK YEMEKHANE+DEMR KALDIRMA APARATI+BUHAR BRANDALARI+ELK HALAT SEPET+HALAT SRME MAKNES;Nis.19;
88;M-AL NAAT EML.TAAH.DEK.PROJ.TUR.H.T.TC.VE SAN.LTD.T.;17.04.2019;32.287,20   ;0,00   ;32.287,20   ;KRA BEDEL;KRA BEDEL;12.000$*2,6904=12 AYLIK KRA BEDEL=H-UP ( 06 AGR 36 ) + MOBL PORTAL VN ( ELEPHANT );Nis.19;
89;KARABAK LOKANTA;27.03.2019;28,00   ;0,00   ;28,00   ;LK;YEMEK;TAHSN BEY, H. DLEK AKAM YEME;Mar.19;
90;BS METAL GRUP;27.03.2019;50,42   ;9,08   ;59,50   ;MALZEME;HIRDAVAT;10' LUK V 25 KG;Mar.19;
91;BS METAL GRUP;29.03.2019;7,15   ;1,29   ;8,44   ;MALZEME;HIRDAVAT;KALIP YALAMA N RULO VE SAP;Mar.19;
92;NNMA PETROL;29.03.2019;60,00   ;0,00   ;60,00   ;AKARYAKIT;AKARYAKIT;KRALIK MNBSE MAZOT;Mar.19;
93;BS METAL GRUP;29.03.2019;7,63   ;1,37   ;9,00   ;MALZEME;HIRDAVAT;KALIP YALAMA N RULO;Mar.19;
94;BS METAL GRUP;1.04.2019;8,17   ;1,47   ;9,64   ;MALZEME;HIRDAVAT;7,5 MT ERT METRE 1 AD.-IRPI P 2 AD.;Nis.19;
95;WISOL PETROL;3.04.2019;20,00   ;0,00   ;20,00   ;AKARYAKIT;06 AER 902;DUSTER MAZOT;Nis.19;
96;BS METAL GRUP;4.04.2019;17,71   ;3,19   ;20,90   ;MALZEME;HIRDAVAT;EL VE BA FENER 1 AD, 3 MT METRE, TEK PRZ 1 AD;Nis.19;
97;ADALAET BAKANLII (LBERTY BANK);4.04.2019;71,00   ;0,00   ;71,00   ;VERG/HAR;NOTER;RKET HSSE DEVR APOSTL BEDEL;Nis.19;
98;TERCMAN MALKHAZ BOLKVADZE;5.04.2019;60,00   ;0,00   ;60,00   ;VERG/HAR;HAR;BUHAR KAZANI TERCME CRET;Nis.19;
99;MAGT GSM;5.04.2019;10,00   ;0,00   ;10,00   ;LETM;TELEFON/NTERNET;EREN BAY HATTINA NTERNET YKLEME;Nis.19;
100;BS METAL GRUP;6.04.2019;26,44   ;4,76   ;31,20   ;MALZEME;HIRDAVAT;10' LUK V 12 KG;Nis.19;
101;EKONOMK MARKET;7.04.2019;6,00   ;0,00   ;6,00   ;MALZEME;HIRDAVAT;100 LK PVC BORU 2 MT;Nis.19;
102;TSULU LTD;7.04.2019;7,10   ;0,00   ;7,10   ;DER GDERLER;GIDA/TEM.MLZ;PERSONELE ECEK;Nis.19;
103;BS METAL GRUP;8.04.2019;2,80   ;0,50   ;3,30   ;MALZEME;HIRDAVAT;IRPI P;Nis.19;
104;BS METAL GRUP;8.04.2019;45,43   ;8,18   ;53,61   ;MALZEME;HIRDAVAT;EL ARABASI 1 AD-YER FIRASI 1 AD;Nis.19;
105;BS METAL GRUP;9.04.2019;55,89   ;10,06   ;65,95   ;MALZEME;HIRDAVAT;BALIKLI KAYNAK MASKES 1 AD-BASC ELEKTROT 2 PKT;Nis.19;
106;TERCMAN MALKHAZ BOLKVADZE;15.04.2019;45,00   ;0,00   ;45,00   ;VERG/HAR;NOTER;RKET HSSE DEVR TERCME ve NOTER CRET;Nis.19;
107;METALO-G LTD;15.04.2019;84,75   ;15,25   ;100,00   ;MALZEME;HIRDAVAT;BUHAR KAZANINA KLNGRK CONTA  30 AD;Nis.19;
108;BS METAL GRUP;15.04.2019;7,76   ;1,40   ;9,16   ;MALZEME;HIRDAVAT;BUHAR KAZANI NPEL 5 AD- TEFLON BANT 3 AD;Nis.19;
109;VAN LTD;16.04.2019;36,00   ;0,00   ;36,00   ;DER GDERLER;YEMEK;EREN BEY, TAHSN BEY, H. DLEK, BADR LE YEME;Nis.19;
110;ADALAET BAKANLII (LBERTY BANK);16.04.2019;106,00   ;0,00   ;106,00   ;VERG/HAR;HAR;HSSE DEVR VE MDR DEKL N DENEN;Nis.19;
111;BS METAL GRUP;18.04.2019;7,24   ;1,30   ;8,54   ;MALZEME;HIRDAVAT;BARET 1 AD, AYNA 1 AD, KOL BANDI 1 AD;Nis.19;
112;METALO-G LTD;18.04.2019;127,12   ;22,88   ;150,00   ;MALZEME;HIRDAVAT;100 VE 125 LK FLAN 2' ER AD, ETL CONTA ;Nis.19;
113;BBLUS KIRTASYE;18.04.2019;45,37   ;8,18   ;53,55   ;KIRTASYE;KIRTASYE;KIRTASYE MALZ(A4 3 KOL, TELL VE POET DOSYA;Nis.19;
114;VAN LTD;18.04.2019;29,00   ;0,00   ;29,00   ;DER GDERLER;YEMEK;TAHSN BEY, H. DLEK, BADR LE YEME;Nis.19;
115;BS METAL GRUP;18.04.2019;45,00   ;8,10   ;53,10   ;MALZEME;HIRDAVAT;BORU ANAHTARI 2 AD, DELC UC 1 AD;Nis.19;
116;SAK KABLO;18.04.2019;361,02   ;64,98   ;426,00   ;MALZEME;ELEKTRK MALZEME;100 MT 4X4 TTR KABLO;Nis.19;
117;GEORGA BANK;17.04.2019;10,00   ;0,00   ;10,00   ;DER GDERLER;DER;EREN BEY TRAFK CEZASI;Nis.19;
118;MNA LTD;18.04.2019;59,32   ;10,68   ;70,00   ;MALZEME;ELEKTRK MALZEME;KAZAN KURULUMU N ELK MALZ(PABU,KONTAKTR9;Nis.19;
119;SENON LTD;20.04.2019;30,00   ;0,00   ;30,00   ;MALZEME;HIRDAVAT;24' LK LOKMA 1 AD- SIVI CONTA 1 AD;Nis.19;
120;SAK KABLO;20.04.2019;17,36   ;3,13   ;20,49   ;MALZEME;ELEKTRK MALZEME;ERYEN ZOLE BANT;Nis.19;
121;BS METAL GRUP;20.04.2019;11,44   ;2,06   ;13,50   ;MALZEME;HIRDAVAT;ELK ERT METRE 50 MT 1 AD;Nis.19;
122;OTA TSETSHLADZE;23.04.2019;18,00   ;0,00   ;18,00   ;MALZEME;HIRDAVAT;27' LK LOKMA 1 AD;Nis.19;
123;GORG CHAVLVL;23.04.2019;20,00   ;0,00   ;20,00   ;MALZEME;HIRDAVAT;AIK AIZ ANAHTAR (24-26 VE 24-27 1' ER AD);Nis.19;
124;BS METAL GRUP;20.04.2019;41,71   ;7,51   ;49,22   ;MALZEME;HIRDAVAT;PORTAL VE BUHAR KAZANINA CVATA, SOMUN, PUL;Nis.19;
125;BS METAL GRUP;20.04.2019;10,34   ;1,86   ;12,20   ;MALZEME;HIRDAVAT;5'LK METRE 1AD.- MAKET BIAI VE UCU;Nis.19;
126;BS METAL GRUP;22.04.2019;6,86   ;1,24   ;8,10   ;MALZEME;HIRDAVAT;TALAMA TAI 3 AD;Nis.19;
127;KHEV LTD;22.04.2019;72,88   ;13,12   ;86,00   ;MALZEME;HIRDAVAT;OKSJEN GAZI 2AD.-MUTFAK TP 1 AD;Nis.19;
128;META LTD.;22.04.2019;466,10   ;83,90   ;550,00   ;MALZEME;HIRDAVAT;PORTAL KURULUM ETL CVATA, SOMUN;Nis.19;
129;SAK KABLO;22.04.2019;33,81   ;6,09   ;39,90   ;MALZEME;ELEKTRK MALZEME;3 X 1 TTR KABLO 42 MT;Nis.19;
130;BS METAL GRUP;22.04.2019;44,41   ;7,99   ;52,40   ;MALZEME;HIRDAVAT;M16 - M18 CVATA,  SOMUN, PUL;Nis.19;
131;METALO-G LTD;22.04.2019;331,95   ;59,75   ;391,70   ;MALZEME;HIRDAVAT;FLANLAR, CONTA, KLNGRK CONTA, NPEL, MANOMETRE;Nis.19;
132;LEVAN SAMKHARAUL BLRK BROSU;22.04.2019;272,19   ;48,81   ;321,00   ;VERG/HAR;HAR;HI UP EXPER CRET VE EFT KOMSYONU;Nis.19;
133;KARABAK LOKANTA;23.04.2019;17,80   ;3,20   ;21,00   ;DER GDERLER;YEMEK;TAHSN BEY, H. DLEK AKAM YEME;Nis.19;
134;BS METAL GRUP;24.04.2019;28,26   ;5,09   ;33,35   ;MALZEME;HIRDAVAT;20'LK HLT UCU, M14 CVATA+SOMUN;Nis.19;
135;BS METAL GRUP;25.04.2019;108,81   ;19,59   ;128,40   ;NAKLYE;NAKLYE;48'LK BORU 18 MT VE NAKLYE CRET;Nis.19;
136;NOVA LTD;25.04.2019;3,73   ;0,67   ;4,40   ;MALZEME;HIRDAVAT;MATKAP UCU VDALAMA APARATI;Nis.19;
137;BS METAL GRUP;25.04.2019;1,66   ;0,30   ;1,96   ;MALZEME;HIRDAVAT;YILDIZ ANAHTAR-MATKAP UCU;Nis.19;
138;BS METAL GRUP;25.04.2019;156,14   ;28,11   ;184,25   ;MALZEME;HIRDAVAT;CAM YN,PAN TK, 3 VE 6 LI PRZ;Nis.19;
139;METALO-G LTD;25.04.2019;21,19   ;3,81   ;25,00   ;MALZEME;HIRDAVAT;TEFLON BANT, NPEL;Nis.19;
140;BATUM TRAFK MD.;25.04.2019;62,00   ;0,00   ;62,00   ;VERG/HAR;HAR;HI UP TESCL N NCELEME CRET;Nis.19;
141;MO MOTORS LTD;26.04.2019;106,78   ;19,22   ;126,00   ;MALZEME;HIRDAVAT;46 NO HDROLK YA;Nis.19;
142;NOKS LTD.;26.04.2019;11,02   ;1,98   ;13,00   ;MALZEME;HIRDAVAT;CVATA;Nis.19;
143;BS METAL GRUP;26.04.2019;1,23   ;0,22   ;1,45   ;KIRTASYE;KIRTASYE;MARKR KALEM;Nis.19;
144;STEEL KABLO LTD;26.04.2019;84,75   ;15,25   ;100,00   ;MALZEME;HIRDAVAT;ELK HALAT, GERDRME;Nis.19;
145;BS METAL GRUP;26.04.2019;21,43   ;3,86   ;25,29   ;MALZEME;HIRDAVAT;ALYAN TK, 12 mm MATKAP UCU;Nis.19;
146;MNA LTD;26.04.2019;16,10   ;2,90   ;19,00   ;MALZEME;ELEKTRK MALZEME;BUAT, KLEMENS;Nis.19;
147;SUAT USTA;27.04.2019;81,36   ;14,64   ;96,00   ;DER GDERLER;YEMEK;TAHSN BEY, BAHATTN, YAHYA, OSMAN YEMEK BED;Nis.19;
148;KARABAK LOKANTA;28.04.2019;31,74   ;5,71   ;37,45   ;DER GDERLER;YEMEK;TAHSN BEY, BAHATTN, YAHYA, YEMEK BED.;Nis.19;
149;BS METAL GRUP;30.04.2019;31,74   ;5,71   ;37,45   ;MALZEME;HIRDAVAT;CVATA VE SOMUN;Nis.19;
150;NOKS LTD;30.04.2019;17,00   ;0,00   ;17,00   ;MALZEME;HIRDAVAT;NAYLON, MATKAP UCU, KELEPE;Nis.19;
151;RELE LTD;30.04.2019;16,95   ;3,05   ;20,00   ;MALZEME;ELEKTRK MALZEME;ELK MALZ (PABU );Nis.19;
152; TAKP MASRAFLARI;30.04.2019;233,80   ;0,00   ;233,80   ;DER GDERLER;DER;DUSTER YIKAMA+PERSONEL SU+OTOPARK+KAHVALTI+TERCMAN EVR+HURDACIDA METAL;Nis.19;
153;BS METAL GRUP;1.05.2019;100,56   ;18,10   ;118,66   ;MALZEME;HIRDAVAT;YEMEKHANE KURULUM ALINAN MALZEME;Nis.19;
154;HDRO GRUP LTD;1.05.2019;144,07   ;25,93   ;170,00   ;TAMR/BAKIM;ELEPHANT;REKORLU HORTUM 2 AD - ELEFANT N;Nis.19;
155;BS METAL GRUP;1.05.2019;10,08   ;1,82   ;11,90   ;MALZEME;HIRDAVAT;48 LK DRSEK 7 AD - BUHAR KAZANI;Nis.19;
156;BS METAL GRUP;2.05.2019;71,69   ;12,91   ;84,60   ;MALZEME;HIRDAVAT;ELEKTROT 3,20 4 PAKET, ATI VDASI 2 KUTU;Nis.19;
157;BS METAL GRUP;3.05.2019;17,72   ;3,19   ;20,91   ;MALZEME;HIRDAVAT;3 AD SLKON;Nis.19;
158;SOCAR PETROL;4.05.2019;50,00   ;0,00   ;50,00   ;AKARYAKIT;06 AER 902;DUSTER MAZOT;Nis.19;
159;BS METAL GRUP;4.05.2019;89,83   ;16,17   ;106,00   ;MALZEME;ELEKTRK MALZEME;DUY-AMPUL-PRZ 4 AD, KABLO KANALI (YEMEKHANE);Nis.19;
160;BS METAL GRUP;4.05.2019;32,36   ;5,82   ;38,18   ;MALZEME;ELEKTRK MALZEME;30x40 ELK PANOSU 1 AD, 20 AD. CVATA;Nis.19;
161;BS METAL GRUP;5.05.2019;79,59   ;14,33   ;93,92   ;MALZEME;HIRDAVAT;ELEKTROT 4 PKT, MENTO 2 TRB, SAPLI FIRA, WABO ;Nis.19;
162;META LTD.;6.05.2019;135,59   ;24,41   ;160,00   ;MALZEME;HIRDAVAT;KAPLN 2 AD- HI UP HORTUMLARA;Nis.19;
163;GORG NOLSK;6.05.2019;15,00   ;0,00   ;15,00   ;MALZEME;HIRDAVAT;MANDREN (MATKAP BALII 1 AD;Nis.19;
164;GUNA LTD;6.05.2019;25,42   ;4,58   ;30,00   ;MALZEME;HIRDAVAT;KAYNAK MAK. JAK TK. 2 AD;May.19;
165;TSULU LTD;6.05.2019;3,10   ;0,00   ;3,10   ;DER GDERLER;GIDA/TEM.MLZ;PERSONELE SU;Nis.19;
166;HSEYN-KRALIK EV;3.05.2019;675,00   ;0,00   ;675,00   ;LOJMAN;KRA BEDEL;KRALIK EV-AYLIK 250 $-EREN CAN MEK;Nis.19;
167;TEMUR ZODZE;7.05.2019;35,00   ;0,00   ;35,00   ;MALZEME;HIRDAVAT;PENCERE KOLU 8 AD VE CVATA (YEMEKHANE);Nis.19;
168;BS METAL GRUP;7.05.2019;39,41   ;7,09   ;46,50   ;MALZEME;HIRDAVAT;ADIR 5x6  1 AD;Nis.19;
169;YALIN MARKET;7.05.2019;44,80   ;0,00   ;44,80   ;DER GDERLER;GIDA/TEM.MLZ;LOJMAN TEMZLK MALZEMES;Nis.19;
170;SOCAR PETROL;8.05.2019;50,00   ;0,00   ;50,00   ;AKARYAKIT;AKARYAKIT;KRALIK MNBS MAZOT;Nis.19;
171;SNATLE LTD;8.05.2019;5,00   ;0,00   ;5,00   ;MALZEME;ELEKTRK MALZEME;YAZICI KABLOSU;Nis.19;
172;SOCAR PETROL;18.03.2019;249,90   ;0,00   ;249,90   ;AKARYAKIT;AKARYAKIT;AKARYAKIT 105 LT;Mar.19;
173;SOCAR PETROL;4.04.2019;211,78   ;38,12   ;249,90   ;AKARYAKIT;AKARYAKIT;AKARYAKIT 105 LT;Nis.19;
174;SOCAR PETROL;16.04.2019;423,05   ;76,15   ;499,20   ;AKARYAKIT;AKARYAKIT;AKARYAKIT 208 LT;Nis.19;
175;TERCUMAN TEMUR USTADZE;14.03.2019;40,00   ;0,00   ;40,00   ;VERG/HAR;HAR;TERCME CRET ( TSE BELGES N );Mar.19;
176;MAGT GSM;25.03.2019;73,14   ;13,16   ;86,30   ;LETM;TELEFON/NTERNET;TAHSN ZMEN-EREN CAN MEK - HALM DLEK--MART FATURASI.FATURA TARH 11.04.2019-DNEM MART OLDUU N MART TARH ATILDI;Nis.19;
177;UNISON INSURANCE COMPANY SGORTA;25.03.2019;144,00   ;0,00   ;144,00   ;VERG/HAR;SGORTA;KAZA VE AFETLER SGORTASI 6 PERSONEL N 1 YILLIK.TAHSN ZMEN-MEHMET AM-AL HSAN ELMAS-SELAHATTN KARHAN-YUSUF BNC-SLEYMAN CAYMAZ-HALM DLEK-AL ELMAS-YAVUZ SELM SALUR-YILDIRAY ENSOY-ERHAN SALUR;Nis.19;
178;BANK OF GEORGIA;20.03.2019;2,00   ;0,00   ;2,00   ;BANKA MASRAF;DER;BANKA MASRAF-SMS BLDRM KOMSYONU;Mar.19;
179;BANK OF GEORGIA;29.03.2019;1,00   ;0,00   ;1,00   ;BANKA MASRAF;EFT MASRAF;EFT MASRAF.TERCUMAN TEMUR USTADZE;Mar.19;
180;BANK OF GEORGIA;29.03.2019;1,00   ;0,00   ;1,00   ;BANKA MASRAF;EFT MASRAF;EFT MASRAF.UNISON SGORTA;Mar.19;
181;BANK OF GEORGIA;16.04.2019;1,93   ;0,00   ;1,93   ;BANKA MASRAF;EFT MASRAF;BANKA MASRAF.VERG DARES EFT CRET;Nis.19;
182;BANK OF GEORGIA;16.04.2019;17,98   ;0,00   ;17,98   ;BANKA MASRAF;DER;BANKA MASRAF.NAKT EKM KOMSYONU;Nis.19;
183;BANK OF GEORGIA;19.04.2019;2,00   ;0,00   ;2,00   ;BANKA MASRAF;DER;BANKA MASRAF-SMS BLDRM KOMSYONU;Nis.19;
184;BANK OF GEORGIA;22.04.2019;4,00   ;0,00   ;4,00   ;BANKA MASRAF;DER;BANKA MASRAF.NAKT EKM KOMSYONU;Nis.19;
185;BANK OF GEORGIA;24.04.2019;2,40   ;0,00   ;2,40   ;BANKA MASRAF;DER;BANKA MASRAF.NAKT EKM KOMSYONU;Nis.19;
186;LKLER;30.04.2019;31.813,75   ;0,00   ;31.813,75   ;LK;MAA;NSAN 2019 MAALAR ;Nis.19;
187;CSM LOJSTK TH.HR.TC.A..;8.04.2019;32.283,60   ;0,00   ;32.283,60   ;NAKLYE;NAKLYE;GEBZE-BATUM-YKSAN PORTAL VNLER= 12.000 $ * 2,6903;Nis.19;
188;TRABZON METRO TURZM TCARET SEYAHAT LTD.T.;9.04.2019;4.851,54   ;0,00   ;4.851,54   ;NAKLYE;NAKLYE;GEBZE-BATUM-SEKZL VN PORTAL VN = 1.800$ * 2,6953 = 4851,54;Nis.19;
189;CSM LOJSTK TH.HR.TC.A..;16.04.2019;31.626,30   ;0,00   ;31.626,30   ;NAKLYE;NAKLYE;SVAS-BATUM-06 AGR 36 VN + ELEPHANTLAR = 11.750 $ * 2,6916;Nis.19;
190;TRABZON METRO TURZM TCARET SEYAHAT LTD.T.;18.04.2019;8.887,23   ;0,00   ;8.887,23   ;NAKLYE;NAKLYE;SVAS-BATUM-YEMEKHANE NAKLYES 3.330$*2,6931 = 8887,23;Nis.19;
191;NC POLS ;19.03.2019;169,49   ;30,51   ;200,00   ;VERG/HAR;HAR;LK GELEN MALZEME POLS NCLK BEDEL;Mar.19;
192;NC POLS ;19.03.2019;-200,00   ;0,00   ;-200,00   ;VERG/HAR;HAR;POLATYOL DED.LK GELEN MALZEME POLS NCLK BEDEL;Mar.19;
193;MAGT GSM;30.03.2019;1,70   ;0,30   ;2,00   ;VERG/HAR;HAR;SMS LE BLDRM CRET;Mar.19;
194;VERG DARES ;31.03.2019;8.194,76   ;0,00   ;8.194,76   ;VERG/HAR; VERGS-MUHTASAR;MART 2019 MAALAR VERGS.HAM VERG.MART  LKLER  33.029,04 -250 lari avukat maa vergiye alnmam. 32.779,04 *0,25 =8.194,76;Mar.19;
195;VERG DARES ;31.03.2019;0,00   ;-5.479,25   ;-5.479,25   ;VERG/HAR;KDV-1;AY NDE DENEN KDV DLD.SKONTO YAPILDI.CAR DENEN FATURALAR VERG DARES NDE LSTES MEVCUT;Mar.19;
196;AHMET AKSU PREFABRK;3.05.2019;450,00   ;0,00   ;450,00   ;DER GDERLER;DER;PREFABRK YEMEKHANE KURULUM CRET 3000 TL OLARAK ANLAILMI OLUNUP, 1000 TL-YE DENK GELEN 450 LAR GRCSTAN-DAN + 2000 TL TRKYE-DEN DENECEKTR;Mar.19;
197;M-AL NAAT EML.TAAH.DEK.PROJ.TUR.H.T.TC.VE SAN.LTD.T.;16.05.2019;3.291,00   ;0,00   ;3.291,00   ;KRA BEDEL;ENJEKSYON POMPASI;1.200$ = TEKKK ART HAR ENJEKSYON MAKNES + TEKKK GP-55 HAR ENJEKSYON MAKNES 12 AYLIK KRA BEDEL;May.19;
198;M-AL NAAT EML.TAAH.DEK.PROJ.TUR.H.T.TC.VE SAN.LTD.T.;16.05.2019;9.051,46   ;0,00   ;9.051,46   ;MALZEME;HIRDAVAT;3.300,44 $= 36 MM 2 METRE ELK HALAT+36 MM 4 METRE ELK HALAT+12 MM ELK HALAT+20 MM ELK HALAT+BUHAR KR ADIRI;May.19;
199;TRABZON METRO TURZM TCARET SEYAHAT LTD.T.;16.05.2019;548,50   ;0,00   ;548,50   ;NAKLYE;NAKLYE;200$ = ANKARA-BATUM NAKLYE---ENJEKSYON MAKNALARI  - ELK HALAT - KABLO-AYAKKABI;May.19;
200;BANK OF GEORGIA;15.05.2019;3,00   ;0,00   ;3,00   ;BANKA MASRAF;EFT MASRAF;BANKA MASRAF.NAKT EKM KOMSYONU;May.19;
201;BANK OF GEORGIA;16.05.2019;9,83   ;0,00   ;9,83   ;BANKA MASRAF;EFT MASRAF;BANKA MASRAF.EFT CRET.VERG DARES;May.19;
202;BANK OF GEORGIA;16.05.2019;1,00   ;0,00   ;1,00   ;BANKA MASRAF;EFT MASRAF;BANKA MASRAF.EFT CRET.VERG DARES;May.19;
203;BANK OF GEORGIA;28.05.2019;40,00   ;0,00   ;40,00   ;BANKA MASRAF;EFT MASRAF;BANKA MASRAF.NAKT EKM KOMSYONU;May.19;
204;BANK OF GEORGIA;31.05.2019;3,39   ;0,00   ;3,39   ;BANKA MASRAF;EFT MASRAF;BANKA MASRAF.EFT CRET.EFE TIR NAKLYE;May.19;
205;BANK OF GEORGIA;12.06.2019;1,00   ;0,00   ;1,00   ;BANKA MASRAF;EFT MASRAF;BANKA MASRAF.EFT CRET.EFE TIR NAKLYE;May.19;
206;BANK OF GEORGIA;12.06.2019;5,00   ;0,00   ;5,00   ;BANKA MASRAF;EFT MASRAF;BANKA MASRAF.NAKT EKM KOMSYONU;May.19;
207;KARABAK LOKANTA;8.05.2019;19,00   ;0,00   ;19,00   ;DER GDERLER;YEMEK;YEMEK.TAHSN ZMEN;May.19;
208;BS METAL GRUP;9.05.2019;0,75   ;0,13   ;0,88   ;MALZEME;HIRDAVAT;CVATA -SOMUN 3 AD;May.19;
209;KARTULKSEL LTD;9.05.2019;0,60   ;0,00   ;0,60   ;KIRTASYE;KIRTASYE;PRT YAPITIRICI 1 AD;May.19;
210;SOCAR PETROL;13.05.2019;50,00   ;0,00   ;50,00   ;AKARYAKIT;06 AER 902;DUSTER MAZOT;May.19;
211;SUAT USTA;15.05.2019;59,00   ;0,00   ;59,00   ;DER GDERLER;YEMEK;TAHSN BEY, H. DLEK YEMEK;May.19;
212;SOCAR PETROL;15.05.2019;50,00   ;0,00   ;50,00   ;AKARYAKIT;MNBS;KRALIK MNBS MAZOT;May.19;
213;YALIN MARKET;16.05.2019;3,45   ;0,00   ;3,45   ;DER GDERLER;GIDA/TEM.MLZ;OFSE AY;May.19;
214;MAGT GSM;15.05.2019;10,00   ;0,00   ;10,00   ;LETM;NTERNET;TAHSN BEY HATTINA 3 GB NTERNET;May.19;
215;YALIN MARKET;17.05.2019;3,20   ;0,00   ;3,20   ;DER GDERLER;GIDA/TEM.MLZ;PORZ-AST (EKVALF TEMZL);May.19;
216;TEONA GORGADZE-RALNA LTD;18.05.2019;508,47   ;91,53   ;600,00   ;TAMR/BAKIM;ELEPHANT;ELEFANTA 180 Ah AK 2 AD;May.19;
217;SUAT USTA;15.05.2019;56,00   ;0,00   ;56,00   ;DER GDERLER;YEMEK;TAHSN BEY, H. DLEK YEMEK;May.19;
218;HDROSCAN LTD;22.05.2019;21,44   ;3,86   ;25,30   ;MALZEME;HIRDAVAT;KAPLN CVATASI 2 ad ;May.19;
219;DAVD KATENADZE;22.05.2019;7,00   ;0,00   ;7,00   ;MALZEME;HIRDAVAT;LEHM TEL VE PASTA;May.19;
220;YALIN MARKET;22.05.2019;3,45   ;0,00   ;3,45   ;DER GDERLER;GIDA/TEM.MLZ;OFSE AY;May.19;
221;KHEV LTD;22.05.2019;42,37   ;7,63   ;50,00   ;DER GDERLER;DER;OKSJEN GAZI 2 AD;May.19;
222;HSEYN (LOJMAN SAHB);17.05.2019;-215,00   ;0,00   ;-215,00   ;LOJMAN;KRA BEDEL;ANLAMAZLIK NEDEN LE DARE ADE EDLM.215 LAR ADE BEDEL TAHSL EDLECEK.3.HALM DLEK KASA;May.19;
223;MAGT GSM;20.05.2019;10,00   ;0,00   ;10,00   ;LETM;TELEFON/NTERNET;TAHSN BEY HATTINA 3 GB NTERNET YKLEME;May.19;
224;MAGT GSM;27.05.2019;10,00   ;0,00   ;10,00   ;LETM;TELEFON/NTERNET;TAHSN BEY HATTINA 3 GB NTERNET YKLEME;May.19;
225;DENZ 99 LTD (LOKANTA);27.05.2019;17,00   ;0,00   ;17,00   ;DER GDERLER;YEMEK;TAHSN BEY YEMEK;May.19;
226;NNMA LTD;28.05.2019;2,00   ;0,00   ;2,00   ;DER GDERLER;ZCACCYE;KONTROL MH BARDAK;May.19;
227;BADR BERZE ;28.05.2019;7,00   ;0,00   ;7,00   ;DER GDERLER;GIDA/TEM.MLZ;KONTROL MH. KAHVE + AY;May.19;
228;LUKA 2018 LTD;29.05.2019;29,66   ;5,34   ;35,00   ;MALZEME;HIRDAVAT;SAC VDASI 500 AD (KAZAN DARE ST);May.19;
229; TAKP MASRAFLARI;31.05.2019;110,29   ;0,00   ;110,29   ;DER GDERLER;DER;ETL HARCAMALAR ( GMRK EFT + PERSONELE SU+ LOJMAN TEMZLK +  OTOPARK+GMRK KAHVE );May.19;
230;BEKA GEORGIA-KARABAK LOKANTA;11.06.2019;27,97   ;5,03   ;33,00   ;DER GDERLER;YEMEK;TAHSN BEY, H. DLEK YEMEK BED.;Haz.19;
231;TSULU LTD;12.06.2019;3,40   ;0,00   ;3,40   ;DER GDERLER;GIDA/TEM.MLZ;PERSONELE SU;Haz.19;
232;BADR BERZE;13.06.2019;3,60   ;0,00   ;3,60   ;MALZEME;HIRDAVAT;KALEM PL-PORTAL KUMANDA;Haz.19;
233;TEONA BOYACIAN;14.06.2019;5,00   ;0,00   ;5,00   ;MALZEME;ZCACCYE;OFSE PLASTK BARDAK;Haz.19;
234;YALIN MARKET;14.06.2019;26,02   ;4,68   ;30,70   ;DER GDERLER;GIDA/TEM.MLZ;LOJMAN TEMZLK MALZ.;Haz.19;
235;E-2010 LTD;15.06.2019;40,60   ;0,00   ;40,60   ;KIRTASYE;KIRTASYE;KIRTASYE MALZ.KLASR 10,DOSYA, KALEM VS;Haz.19;
236;YALIN MARKET;21.06.2019;15,76   ;2,84   ;18,60   ;MALZEME;GIDA/TEM.MLZ;LOJMAN N LAVABO AICI,AKMAK;Haz.19;
237;VERG DARES ;21.05.2019;0,00   ;1.663,00   ;1.663,00   ;VERG/HAR;KDV-1;MEHMET MUTLU KALIPLARI YANINDA GNDERLEN HIRDAVAT MALZEMELER SAYESNDE OLUAN KDV N;Haz.19;
238;VERG DARES ;21.05.2019;300,00   ;0,00   ;300,00   ;VERG/HAR;KDV-1;MEHMET MUTLU KALIPLARI YANINDA GNDERLEN HIRDAVAT MALZEMELER GMRK HZMET BEDEL. POLATYOL DED N ALT SATIRDA SIFIRLANDI;Haz.19;
239;VERG DARES ;21.05.2019;-300,00   ;0,00   ;-300,00   ;VERG/HAR;KDV-1;MEHMET MUTLU KALIPLARI YANINDA GNDERLEN HIRDAVAT MALZEMELER GMRK HZMET BEDEL. POLATYOL DED N ALT SIFIRLANDI;Haz.19;
240;MAGT GSM;7.05.2019;99,01   ;17,82   ;116,83   ;LETM;TELEFON/NTERNET;NSAN TELEFON FATURALARI. TAHSN ZMEN+EREN CAN MEK+HALM DLEK+BAHATTN TMUR + BADR;Nis.19;
241;SOCAR PETROL;16.05.2019;423,05   ;76,15   ;499,20   ;AKARYAKIT;AKARYAKIT;AKARYAKIT  208 LT;May.19;
242;SOCAR PETROL;13.06.2019;422,16   ;75,99   ;498,15   ;AKARYAKIT;AKARYAKIT;AKARYAKIT  205 LT;Haz.19;
243;BANK OF GEORGIA;31.05.2019;84,07   ;0,00   ;84,07   ;BANKA MASRAF;EFT MASRAF;BANKA MASRAF.EFT CRET.GLTEKN ULUSLARARASI;May.19;
244;BANK OF GEORGIA;31.05.2019;98,78   ;0,00   ;98,78   ;BANKA MASRAF;EFT MASRAF;BANKA MASRAF.EFT CRET.CSM LOJSTK;May.19;
245;VERG DARES ;30.04.2019;0,00   ;7.414,25   ;7.414,25   ;VERG/HAR;KDV-1;KDV.NSAN 2019;Nis.19;
246;VERG DARES ;30.04.2019;6.684,08   ;0,00   ;6.684,08   ;VERG/HAR; VERGS-MUHTASAR; VERGS-MUHTASAR. NSAN 2019;Nis.19;
247;VERG DARES ;31.05.2019;0,00   ;10.498,00   ;10.498,00   ;VERG/HAR;KDV-1; VERGS-MUHTASAR. MAYIS 2019;May.19;
248;VERG DARES ;31.05.2019;6.078,47   ;0,00   ;6.078,47   ;VERG/HAR; VERGS-MUHTASAR;KDV.MAYIS 2019;May.19;
249;MAGT GSM;7.06.2019;151,69   ;27,31   ;179,00   ;LETM;TELEFON/NTERNET;5 ADET TELEFON FATURASI;May.19;
250;MAGT GSM;10.06.2019;2,12   ;0,38   ;2,50   ;VERG/HAR;HAR;112 ACL SERVS HATTI N LER BAKANLII;May.19;
251;YALIN MARKET;15.06.2019;4,00   ;0,00   ;4,00   ;DER GDERLER;GIDA/TEM.MLZ;OFSE AY;Haz.19;
252;ALAMBAR LTD;16.06.2019;27,10   ;4,90   ;32,00   ;DER GDERLER;YEMEK;TAHSN BEY, H. DLEK YEMEK;Haz.19;
253;MAR-2015 LTD;17.06.2019;17,80   ;3,20   ;21,00   ;DER GDERLER;GIDA/TEM.MLZ;PLASTK BARDAK 500 AD, P TORBASI;Haz.19;
254;NODAR GURGENDZE;17.06.2019;110,00   ;0,00   ;110,00   ;MALZEME;HIRDAVAT;CIRCIR ANAHTAR 2,4 mm 1 AD;Haz.19;
255;TAREL LTD;16.06.2019;6,50   ;0,00   ;6,50   ;MALZEME;ZCACCYE;PLASTK KOVA-LOJMAN;Haz.19;
256;YALIN MARKET;17.06.2019;2,65   ;0,00   ;2,65   ;DER GDERLER;GIDA/TEM.MLZ;PERSONELE SU;Haz.19;
257;MMM GRUP LTD;18.06.2019;2,80   ;0,00   ;2,80   ;MALZEME;HIRDAVAT;KESTRME FIRA 2 AD;Haz.19;
258;TSULU LTD;18.06.2019;3,40   ;0,00   ;3,40   ;DER GDERLER;GIDA/TEM.MLZ;PERSONELE SU;Haz.19;
259;BADR BERZE LTD;18.06.2019;3,60   ;0,00   ;3,60   ;MALZEME;HIRDAVAT;PORTAL KUMANDASINA 2 AD PL;Haz.19;
260;E-2010 LTD;19.06.2019;3,00   ;0,00   ;3,00   ;KIRTASYE;KIRTASYE;RENKL KURUN KALEM 1 PKT, MARKR KALEM 3 AD;Haz.19;
261;UNIFORMA PLUS LTD;19.06.2019;38,13   ;6,87   ;45,00   ;DER GDERLER;DER;PANTOLONU VE TORT 1 AD (BAHATTN FORMEN);Haz.19;
262;NODAR GURGENDZE;21.06.2019;10,00   ;0,00   ;10,00   ;MALZEME;HIRDAVAT;TORX 12'DEN 21 mm DNTRC;Haz.19;
263;KARTULKSEL LTD;21.06.2019;9,32   ;1,68   ;11,00   ;KIRTASYE;KIRTASYE;A4 FOTOKOP KAIDI 1 PKT;Haz.19;
264;NANA PUTKARADZE;19.06.2019;150,00   ;0,00   ;150,00   ;TAMR/BAKIM;PORTAL VN;SEKZL PORTAL FREN BOBN SARIMI.FATURA OLMADII N KDV YOK.;Haz.19;
265;ATLA LTD.;22.06.2019;101,69   ;18,31   ;120,00   ;DER GDERLER;GIDA/TEM.MLZ;PERSONELE TATLI (LK RETM NEDENYLE);Haz.19;
266;ROSTOM TSNTSADZE;24.06.2019;1.000,00   ;180,00   ;1.180,00   ;MALZEME;ZCACCYE;YEMEKHANE N 10 MASA, 40 SANDALYE, 1 MN MASA;Haz.19;
267;GURAM DASAMDZE;21.06.2019;34,00   ;0,00   ;34,00   ;MALZEME;ZCACCYE;TAVA 2AD, KLLK 2 AD;Haz.19;
268;YALIN MARKET;21.06.2019;7,46   ;1,34   ;8,80   ;DER GDERLER;GIDA/TEM.MLZ;OFSE, HAVLU KAIOT, SIVI SABUN;Haz.19;
269;AVERS FARMA LTD;22.06.2019;10,00   ;0,00   ;10,00   ;DER GDERLER;SALIK;LEVENT BEYE KSRK URUBU;Haz.19;
270;RNA ANDZE;22.06.2019;5,00   ;0,00   ;5,00   ;DER GDERLER;SALIK;LEVENT BEYE  HIKIRIK LACI;Haz.19;
271;YALIN MARKET;22.06.2019;12,20   ;2,20   ;14,40   ;DER GDERLER;GIDA/TEM.MLZ;PERSONELE ECEK (LK RETM NEDENYLE);Haz.19;
272;TSULU LTD;23.06.2019;11,69   ;0,00   ;11,69   ;DER GDERLER;GIDA/TEM.MLZ;OFSE, AY VE ECEK;Haz.19;
273;NODAR GURGENDZE;23.06.2019;40,00   ;0,00   ;40,00   ;MALZEME;HIRDAVAT;41' LK TORX LOKMA;Haz.19;
274;YALIN MARKET;25.06.2019;13,90   ;2,50   ;16,40   ;DER GDERLER;GIDA/TEM.MLZ;OFSE,TEMZLK BEZ, KAHVE, AY;Haz.19;
275;TSULU LTD;25.06.2019;6,80   ;0,00   ;6,80   ;DER GDERLER;GIDA/TEM.MLZ;PERSONELE SU;Haz.19;
276;ROSTOM TSNTSADZE;25.06.2019;25,42   ;4,58   ;30,00   ;MALZEME;ZCACCYE;TAHSN BEYE MN MASA;Haz.19;
277;FARMA SES LTD;27.06.2019;1,00   ;0,00   ;1,00   ;MALZEME;HIRDAVAT;ENJEKTR (BYK BOY) 2 AD;Haz.19;
278;KARVA GERORGA LTD;27.06.2019;20,34   ;3,66   ;24,00   ;MALZEME;HIRDAVAT;SNGER 24 AD;Haz.19;
279;IMO MOTORS LTD;27.06.2019;99,15   ;17,85   ;117,00   ;TAMR/BAKIM;DER;90 NO ANZIMAN YAI 1 TNK;Haz.19;
280;E-2010 LTD;28.06.2019;4,50   ;0,00   ;4,50   ;KIRTASYE;KIRTASYE;MARKR KALEM 5 AD, SEKRETERLK 1AD;Haz.19;
281;NOVA LTD;29.06.2019;22,88   ;4,12   ;27,00   ;MALZEME;HIRDAVAT;KULAK TIKACI 30 AD;Haz.19;
282;YALIN MARKET;29.06.2019;9,75   ;1,75   ;11,50   ;DER GDERLER;GIDA/TEM.MLZ;LAVABO FIRA 1, BULAIK SNGER 5, BULAIK TEL 3;Haz.19;
283;MACT ALPUTAM LTD;30.06.2019;51,00   ;0,00   ;51,00   ;DER GDERLER;HIRDAVAT;PL 6 AD, NESCAFE,STTOZU,T.KAHVE, BULAIK TEL 2;Haz.19;
284;YALIN MARKET;30.06.2019;20,51   ;3,69   ;24,20   ;DER GDERLER;GIDA/TEM.MLZ;AY 1 KG, EKER 1 KG;Haz.19;
285;TUTANAK;22.06.2019;350,00   ;0,00   ;350,00   ;DER GDERLER;KURBANLIK;KURBANLIK (LK RETM NEDENYLE);Haz.19;
286;GENAD DEKANADZE;27.06.2019;720,00   ;0,00   ;720,00   ;LOJMAN;KRA BEDEL;HAZRAN LOJMAN KRASI (250 USD*2,88);Haz.19;
287;SUAT USTA LTD;30.06.2019;59,32   ;10,68   ;70,00   ;DER GDERLER;YEMEK;LEVENT VE TAHSN BEY YEMEK;Haz.19;
288;MAGT COM;25.06.2019;6,00   ;0,00   ;6,00   ;LETM;NTERNET;HALM DLEK HATTINA 591 503160 1GB NTERNET;Haz.19;
289;MAGT COM;23.06.2019;10,00   ;0,00   ;10,00   ;LETM;NTERNET;EREN BEY HATTINA 591 401250 3 GB NTERNET;Haz.19;
290;MAGT COM;23.06.2019;10,00   ;0,00   ;10,00   ;LETM;NTERNET;TAHSN BEY HATTINA 591 901770 3 GB NTERNET;Haz.19;
291; TAKP MASRAFLARI;30.06.2019;92,00   ;0,00   ;92,00   ;DER GDERLER;DER;LOJMAN TEMZLETME+NAKLYE+KAHVALTIK;Haz.19;
292;SUAT USTA LTD;18.06.2019;83,00   ;0,00   ;83,00   ;DER GDERLER;YEMEK;LEVENT VE TAHSN BEY YEMEK;Haz.19;
293;TSULU LTD;22.06.2019;9,70   ;0,00   ;9,70   ;DER GDERLER;YEMEK;LEVENT VE TAHSN BEY ECEK, YYECEK;Haz.19;
294;BS METAL GRUP;17.05.2019;18,22   ;3,28   ;21,50   ;MALZEME;HIRDAVAT;L PRZ+ELEKTRK BANDI+L BA PRZ;May.19;
295;BS METAL GRUP;18.05.2019;25,42   ;4,58   ;30,00   ;MALZEME;HIRDAVAT;HLT UCU 22 LK;May.19;
296;BS METAL GRUP;20.05.2019;33,93   ;6,11   ;40,04   ;MALZEME;HIRDAVAT;DEMR KALDIRMA APARATI N SOMUN VE CVATA;May.19;
297;M-AL NAAT EML.TAAH.DEK.PROJ.TUR.H.T.TC.VE SAN.LTD.T.;8.07.2019;3.413,04   ;0,00   ;3.413,04   ;MALZEME;HIRDAVAT;1.218,42$=MN BUZDOLABI+TV+TOPUKLU MANLA+KANCALI ZNCR+CIRCIR GERDRME;Tem.19;
298;LKLER;31.05.2019;32.113,40   ;0,00   ;32.113,40   ;LK;MAA;MAYIS 2019 MAALAR ;May.19;
299;LKLER;30.06.2019;38.526,52   ;0,00   ;38.526,52   ;LK;MAA;HAZRAN 2019 MAALAR ;Haz.19;
300;BANK OF GEORGIA;19.06.2019;1,35   ;0,00   ;1,35   ;BANKA MASRAF;EFT MASRAF;BANKA MASRAF.MALYE BAKANLII EFT CRET;Haz.19;
301;BANK OF GEORGIA;20.06.2019;10,22   ;0,00   ;10,22   ;BANKA MASRAF;EFT MASRAF;BANKA MASRAF.VERG DARES EFT CRET;Haz.19;
302;BANK OF GEORGIA;20.06.2019;1,00   ;0,00   ;1,00   ;BANKA MASRAF;EFT MASRAF;BANKA MASRAF.MNDA LORA;Haz.19;
303;BANK OF GEORGIA;20.06.2019;1,00   ;0,00   ;1,00   ;BANKA MASRAF;EFT MASRAF;SMS BLDRM CRET;Haz.19;
304;BANK OF GEORGIA;24.06.2019;15,00   ;0,00   ;15,00   ;BANKA MASRAF;EFT MASRAF;BANKA MASRAF.NAKT EKM KOMSYONU;Haz.19;
305;BANK OF GEORGIA;26.06.2019;4,00   ;0,00   ;4,00   ;BANKA MASRAF;EFT MASRAF;BANKA MASRAF.NAKT EKM KOMSYONU;Haz.19;
306;BANK OF GEORGIA;14.06.2019;82,17   ;0,00   ;82,17   ;BANKA MASRAF;EFT MASRAF;BANKA MASRAF.EFT CRET.TRABZON METRO LTD.;Haz.19;
307;BANK OF GEORGIA;28.06.2019;101,11   ;0,00   ;101,11   ;BANKA MASRAF;EFT MASRAF;BANKA MASRAF.EFT CRET.CMS LOJSTK;Haz.19;
308;MNDA LORA;20.06.2019;200,00   ;36,00   ;236,00   ;TAMR/BAKIM;BUHAR KAZANI;BUHAR KAZANI BAKIM VE AYAR YAPILDI.BREYSEL ALITII N SZLEME YAPILDI.KDV DENYORMU SZLEME YAPILINCA ( BEYANNAMEDE GZKMYOR. HALM DLEK ARATIRACAK );Haz.19;
309;BES DEMES.  VE  VEREN;20.06.2019;291,00   ;0,00   ;291,00   ;LK;BES;MAYIS 2019 LKLERE AT  + VEREN BES PAYLARI;May.19;
310;NOKS LTD;16.05.2019;93,22   ;16,78   ;110,00   ;MALZEME;HIRDAVAT;DEMR BKME APARATI + ALMNYUM BANT+ KABLO SPRAL HORTUMU;May.19;
311;NOKS LTD;20.05.2019;381,36   ;68,64   ;450,00   ;MALZEME;HIRDAVAT;10 MM ZNCR +  SPREY BOYA;May.19;
312;NOKS LTD;22.05.2019;16,95   ;3,05   ;20,00   ;MALZEME;HIRDAVAT;BAKIR YKSK (PORTAL YASSI KABLO BRLETRME );May.19;
313;NOKS LTD;27.05.2019;67,80   ;12,20   ;80,00   ;MALZEME;HIRDAVAT;ALMNYUM BANT + JAPON YAPITIRICISI + KAYNAK CAMI;May.19;
314;META LTD.;22.05.2019;25,42   ;4,58   ;30,00   ;TAMR/BAKIM;06 AGR 36;ARA NPEL.H-UP N;May.19;
315;CETO LOGISTIK LTD GEORGIA;10.07.2019;436,44   ;0,00   ;436,44   ;NAKLYE;NAKLYE;150$=TRABZON-BATUM NAKLYE ( MUTLU SKELE KALIP LE BRLKTE GNDERLEN.BEKO MN BUZDOLABI-REGAL TV-;Tem.19;
316;VERG DARES ;10.07.2019;0,00   ;710,00   ;710,00   ;VERG/HAR;KDV-1;KDV-1. 08.07.2019 TARHNDE M-AL NAAT-TAN GNDERLEN MN BUZDOLABI+TV+TPOUKLU MANLA+KANCALI ZNCR VB. N OLUAN KDV;Tem.19;
317;M-AL NAAT EML.TAAH.DEK.PROJ.TUR.H.T.TC.VE SAN.LTD.T.;22.07.2019;2.769,12   ;0,00   ;2.769,12   ;KRA BEDEL;KRA BEDEL;960$ = GMAKSAN DEMR BKME + GMAKSAN DEMR KESME;Tem.19;
318;CETO LOGISTIK LTD GEORGIA;23.07.2019;720,77   ;0,00   ;720,77   ;NAKLYE;NAKLYE;250$=ANKARA-BATUM NAKLYE. GMAKSAM DEMR BKME+GMASAN DEMR KESME.MEHMET MUTLU KALIPLAR LE GELD.;Tem.19;
319;M-AL NAAT EML.TAAH.DEK.PROJ.TUR.H.T.TC.VE SAN.LTD.T.;3.09.2019;3.553,68   ;0,00   ;3.553,68   ;KRA BEDEL;HALAT SRME;1.200$  HALAT SRME MAKNASI 2 ADET 12 AYLIK KRA CRET;Eyl.19;
320;M-AL NAAT EML.TAAH.DEK.PROJ.TUR.H.T.TC.VE SAN.LTD.T.;3.09.2019;59.228,00   ;0,00   ;59.228,00   ;KRA BEDEL;LANCHNG GRDER;20.000$ BLBLOLU KR SRME MAKNASI LAUNCHNG GRDER  12 AYLIK KRA BEDEL;Eyl.19;
321;MAGT COM;5.07.2019;127,97   ;23,03   ;151,00   ;LETM;LETM;TELEFON HZMET BEDEL;Haz.19;
322;MAGT COM;9.07.2019;2,12   ;0,38   ;2,50   ;VERG/HAR;HAR;112 ACL SERVS HATTI N LER BAKANLII;Haz.19;
323;SOCAR PETROL;16.07.2019;211,86   ;38,14   ;250,00   ;AKARYAKIT;AKARYAKIT;EURO DZEL . 100 LT;Tem.19;
324;SOCAR PETROL;25.07.2019;324,15   ;58,35   ;382,50   ;AKARYAKIT;AKARYAKIT;EURO DZEL . 150 LT;Tem.19;
325;SOCAR PETROL;25.07.2019;316,53   ;56,97   ;373,50   ;AKARYAKIT;AKARYAKIT;EURO DZEL . 150 LT;Tem.19;
326;SULKHAN KHOZREVANDZE;26.07.2019;451,69   ;81,31   ;533,00   ;MALZEME;HIRDAVAT;DEMR LEME+HORTUM+NPEL ( KESME MAKNASI PEDAL ML TORNA LER +ELEPHANT ML KAPLAMA VE TORNA LER;Tem.19;
327;LKLER;31.07.2019;112.638,36   ;0,00   ;112.638,36   ;LK;MAA;TEMMUZ 2019 MAALAR;Tem.19;
328;SOCAR PETROL;5.07.2019;211,86   ;38,14   ;250,00   ;AKARYAKIT;AKARYAKIT;EURO DZEL . 100 LT;Tem.19;
329;E-2010 LTD;1.07.2019;34,75   ;6,25   ;41,00   ;KIRTASYE;KIRTASYE;A4 2AD, TELL DOSYA 40 AD, TKENMEZ 4 ;Tem.19;
330;NFORMA PLUS LTD;1.07.2019;38,14   ;6,86   ;45,00   ;DER GDERLER;DER;BAHATTN FORMEN N   PANTOLONU VE  TORT;Tem.19;
331;MAR -2015 LTD;2.07.2019;24,15   ;4,35   ;28,50   ;DER GDERLER;GIDA/TEM.MLZ;KARTON BARDAK 300, AY KARITIRICI 2 KT, ELDVEN 100 AD;Tem.19;
332;MO MOTORS LTD;2.07.2019;21,18   ;3,82   ;25,00   ;MALZEME;HIRDAVAT;GRES YAI 3.750 GR;Tem.19;
333;MO MOTORS LTD;3.07.2019;80,51   ;14,49   ;95,00   ;MALZEME;HIRDAVAT;GRES YAI 15 KG;Tem.19;
334;LUKA 2018 LTD;3.07.2019;372,88   ;67,12   ;440,00   ;MALZEME;DEMR MALZEME;SAC (21 AD-OFS ST VE SOYUNMA ODA YAPIMI);Tem.19;
335;HARDLAS LTD;3.07.2019;10,00   ;0,00   ;10,00   ;TAMR/BAKIM;06 AER 902;DUSTER LASTK TAMR 1 AD;Tem.19;
336;SUAT USTA LTD;3.07.2019;64,41   ;11,59   ;76,00   ;DER GDERLER;YEMEK;TAHSN BEY, H. DLEK, BAHATTN FORMEN  YEMEK;Tem.19;
337;NOKS LTD;4.07.2019;4,00   ;0,00   ;4,00   ;MALZEME;HIRDAVAT;M 10 3 CM CVATA 20 AD;Tem.19;
338;MATEKS GEORGA LTD;24.06.2019;698,31   ;125,69   ;824,00   ;MALZEME;ZCACCYE;OFSE KLMA;Tem.19;
339;ENERJ LTD;23.06.2019;550,00   ;99,00   ;649,00   ;MALZEME;EL ALET;TORX MAKNASI -BOSCH;Tem.19;
340;NARGS KAKHDZE;4.07.2019;30,00   ;0,00   ;30,00   ;MALZEME;ZCACCYE;TEMZLKYE NLK;Tem.19;
341;TSULU LTD;5.07.2019;13,70   ;0,00   ;13,70   ;DER GDERLER;GIDA/TEM.MLZ;PERSONELE SU;Tem.19;
342;NOVA LTD;5.07.2019;67,80   ;12,20   ;80,00   ;MALZEME;HIRDAVAT;YZ KORUMA N BALIK (ENJEKSYONCULARA);Tem.19;
343;NOVA LTD;5.07.2019;36,61   ;6,59   ;43,20   ;MALZEME;HIRDAVAT;BALIK N YZ KORUMA (ENJEKSYONCULARA);Tem.19;
344;LAMZRA VARSHANDZE;6.07.2019;8,00   ;0,00   ;8,00   ;DER GDERLER;GIDA/TEM.MLZ;PERSONELE SU;Tem.19;
345;NAZILBE LTD;6.07.2019;25,63   ;4,61   ;30,24   ;DER GDERLER;GIDA/TEM.MLZ;AY 1KG, EKER 2 KG, EKERLK 4 AD;Tem.19;
346;NAZILBE LTD;6.07.2019;20,85   ;3,75   ;24,60   ;MALZEME;ZCACCYE;SRAH 9,TUZ, SIVI SABUN VE SABUNLUK;Tem.19;
347;NAZILBE LTD;6.07.2019;25,17   ;4,53   ;29,70   ;MALZEME;ZCACCYE;EKMEK SEPET 9, KESME TAHTA, KAIT HAVLU;Tem.19;
348;BAANA LTD;6.07.2019;16,90   ;0,00   ;16,90   ;DER GDERLER;SALIK;PERSONELE LA;Tem.19;
349;LUKA 2018 LTD;8.07.2019;18,31   ;3,29   ;21,60   ;MALZEME;HIRDAVAT;CVATA, BETON KARITIRICI;Tem.19;
350;NAZILBE LTD;10.07.2019;3,40   ;0,00   ;3,40   ;MALZEME;ZCACCYE;PLASTK BARDAK;Tem.19;
351;TSULU LTD;9.07.2019;1,60   ;0,00   ;1,60   ;MALZEME;HIRDAVAT;L ALETNE PL;Tem.19;
352;SUAT USTA LTD;10.07.2019;40,68   ;7,32   ;48,00   ;DER GDERLER;YEMEK;TAHSN BEY, H. DLEK YEMEK;Tem.19;
353;HARDLAS LTD;11.07.2019;10,00   ;0,00   ;10,00   ;TAMR/BAKIM;06 AER 902;DUSTER LASTK TAMR;Tem.19;
354;TSULU LTD;12.07.2019;11,69   ;0,00   ;11,69   ;DER GDERLER;GIDA/TEM.MLZ;HALL BEY KAHVALTILIK;Tem.19;
355;NAZILBE LTD;12.07.2019;59,98   ;10,80   ;70,78   ;DER GDERLER;GIDA/TEM.MLZ;AY, EKER, PET BARDAK, SU, BIAK, SABUN;Tem.19;
356;E-2010 LTD;12.07.2019;4,49   ;0,81   ;5,30   ;MALZEME;HIRDAVAT;MARKR ve CD KALEM, SEKRETERLK;Tem.19;
357;LUKA 2018 LTD;12.07.2019;16,95   ;3,05   ;20,00   ;MALZEME;HIRDAVAT;LOJMAN TAHARET MUSLUU;Tem.19;
358;BAANA LTD;12.07.2019;10,00   ;0,00   ;10,00   ;MALZEME;HIRDAVAT;SNEK LACI;Tem.19;
359;ROM PETROL LTD;12.07.2019;50,00   ;0,00   ;50,00   ;AKARYAKIT;MNBS;MNBSE MAZOT 19,38 LT;Tem.19;
360;TSULU LTD;13.07.2019;12,65   ;0,00   ;12,65   ;DER GDERLER;GIDA/TEM.MLZ;HALL BEY KAHVALTILIK;Tem.19;
361;SUAT USTA LTD;13.07.2019;18,64   ;3,36   ;22,00   ;DER GDERLER;YEMEK;TAHSN BEY, H. DLEK YEMEK;Tem.19;
362;TSULU LTD;14.07.2019;14,51   ;0,00   ;14,51   ;DER GDERLER;GIDA/TEM.MLZ;HALL BEY KAHVALTILIK;Tem.19;
363;BADR BERDZE;9.07.2019;6,00   ;0,00   ;6,00   ;DER GDERLER;GIDA/TEM.MLZ;PERSONELE SU;Tem.19;
364;SOCAR PETROL;12.07.2019;4,00   ;0,00   ;4,00   ;LOJMAN;DOALGAZ;LOJMAN AYLIK GAZ BEDEL (3,36 Lari);Tem.19;
365;SLKNET GEORGA LTD;12.07.2019;25,00   ;0,00   ;25,00   ;LOJMAN;NTERNET;LOJMAN AYLIK NTERNET BEDEL (24,19 Lari);Tem.19;
366;ENERGO PRO LTD;12.07.2019;10,00   ;0,00   ;10,00   ;LOJMAN;ELEKTRK  ;LOJMAN AYLIK ELEKTRK DEME (9,10 Lari);Tem.19;
367;NET SERVCE LTD;13.07.2019;38,98   ;6,02   ;45,00   ;LETM;NTERNET;ANTYE NTERNET FT. BEDEL (44,38 Lari);Tem.19;
368;KARABAK LOKANTA;14.07.2019;26,00   ;0,00   ;26,00   ;DER GDERLER;YEMEK;TAHSN BEY YEMEK;Tem.19;
369;NAZILBE LTD;15.07.2019;25,87   ;4,66   ;30,53   ;DER GDERLER;GIDA/TEM.MLZ;AY, EKER,SABUN, BEZ, B. SNGER;Tem.19;
370;KHEV LTD;15.07.2019;42,37   ;7,63   ;50,00   ;DER GDERLER;DER;OKSJEN GAZI 2 AD;Tem.19;
371;GEORGA BANK;15.07.2019;1,00   ;0,00   ;1,00   ;BANKA MASRAF;EFT MASRAF;EFT CRET-GMRK KDV ;Tem.19;
372;SOCAR PETROL;15.07.2019;50,00   ;0,00   ;50,00   ;AKARYAKIT;MNBS;MNBSE MAZOT 19,608 LT;Tem.19;
373;RAUL KAMADADZE;16.07.2019;34,00   ;0,00   ;34,00   ;DER GDERLER;GIDA/TEM.MLZ;DAMACANA 4AD;Tem.19;
374;ACAR NVEST LTD;16.07.2019;24,00   ;0,00   ;24,00   ;DER GDERLER;DER;TP DOLUMU 1 AD;Tem.19;
375;TSULU LTD;16.07.2019;5,51   ;0,00   ;5,51   ;DER GDERLER;YEMEK;H. DLEK-BADR-OFR YEMEK;Tem.19;
376;MURMAN PAPDZE;16.07.2019;400,00   ;0,00   ;400,00   ;LOJMAN;KRA BEDEL;2. LOJMAN TEMMUZ KRASI;Tem.19;
377;MO MOTORS LTD;17.07.2019;110,17   ;19,83   ;130,00   ;TAMR/BAKIM;ELEPHANT;15 / 40 MOTOR YAI-ELEFANT LARA;Tem.19;
378;META LTD;17.07.2019;84,74   ;15,26   ;100,00   ;TAMR/BAKIM;ELEPHANT;ELEFANT PSTONLARINA ETL KEE VE ORNG;Tem.19;
379;MACT ALPUTAM LTD;16.07.2019;29,70   ;0,00   ;29,70   ;DER GDERLER;GIDA/TEM.MLZ;OFSE NESCAFE, KUMANDALARA PL 6 AD;Tem.19;
380;NAZILBE LTD;18.07.2019;49,31   ;8,88   ;58,19   ;DER GDERLER;GIDA/TEM.MLZ;AY 1,EKER 6, PET BARDAK 550,PEETE VE KRDAN;Tem.19;
381;SUAT LTD;18.07.2019;36,44   ;6,56   ;43,00   ;DER GDERLER;YEMEK;TAHSN BEY, H. DLEK YEMEK;Tem.19;
382;HDRO GRUP LTD;19.07.2019;38,14   ;6,86   ;45,00   ;TAMR/BAKIM;ELEPHANT;ELEFANT PSTONLARINA KEE VE ORNG 1 AD;Tem.19;
383;LAMRZA VARSHANDZE;24.07.2019;8,75   ;0,00   ;8,75   ;DER GDERLER;GIDA/TEM.MLZ;OFSE YYECEK;Tem.19;
384;PSP ECZANE LTD;24.07.2019;25,51   ;0,00   ;25,51   ;DER GDERLER;SALIK; KAZASI GEREN MERAB REMADZE LA;Tem.19;
385;MEDNA HASTANES;24.07.2019;33,15   ;0,00   ;33,15   ;DER GDERLER;SALIK; KAZASI GEREN MERAB REMADZE HASTANE CRET;Tem.19;
386;NAZILBE LTD;25.07.2019;49,14   ;8,85   ;57,99   ;DER GDERLER;GIDA/TEM.MLZ;AY 1, PET BARDAK 1000, P PT, T. KAHVES;Tem.19;
387;NAZILBE LTD;20.07.2019;38,60   ;0,00   ;38,60   ;DER GDERLER;GIDA/TEM.MLZ;AY 2 KG;Tem.19;
388;TBC BANK;25.07.2019;45,00   ;0,00   ;45,00   ;LOJMAN;ADAT;LOJMAN 3AYLIK ADAT (6-7-8 AY);Tem.19;
389;TUTANAK;16.07.2019;35,00   ;0,00   ;35,00   ;LOJMAN;NTERNET;2. LOJMAN NTERNET BEDEL -TEMMUZ;Tem.19;
390;HOTEL SERVS GRUP LTD;4.07.2019;323,73   ;76,27   ;400,00   ;MALZEME;ZCACCYE;AY KAZANI+KAHVEC DEML. (KDV HATALI HESAPLANMI ( 500 LAR DENM BUNUN KDV SN MUHASEBEC KDV BEYANIND GSTERM GZKYOR.HALM DLEK ARATIRACAK );Tem.19;
391;HOTEL SERVS GRUP LTD;19.07.2019;932,20   ;167,80   ;1.100,00   ;MALZEME;ZCACCYE;SU SEBL;Tem.19;
392;DEVLET HAZNES;26.07.2019;11,00   ;0,00   ;11,00   ;DER GDERLER;DER;EREN BEY TRAFK CEZASI;Tem.19;
393;NAZILBE LTD;24.07.2019;13,55   ;0,00   ;13,55   ;MALZEME;ZCACCYE;PET BARDAK, SIVI SABUN, BULAIK DET.;Tem.19;
394;NOKS LTD;19.07.2019;296,61   ;53,39   ;350,00   ;MALZEME;HIRDAVAT;80'LK VANA, NPEL;Tem.19;
395;LUKA 2018 LTD;22.07.2019;29,65   ;5,35   ;35,00   ;LOJMAN;DER;LOJMAN MUSLUK VE SFON;Tem.19;
396;NAZILBE LTD;29.07.2019;5,40   ;0,00   ;5,40   ;DER GDERLER;GIDA/TEM.MLZ;OFSE SU;Tem.19;
397;NAZILBE LTD;29.07.2019;153,37   ;27,61   ;180,98   ;DER GDERLER;GIDA/TEM.MLZ;AY 1, EKER 10, BARDAK 850, SIVI SABUN 10, PEETE 9;Tem.19;
398;LUKA 2018 LTD;30.07.2019;4,50   ;0,00   ;4,50   ;MALZEME;HIRDAVAT;25' LK PPR DRSEK 1 AD;Tem.19;
399;MO MOTORS LTD;30.07.2019;15,25   ;2,75   ;18,00   ;TAMR/BAKIM;06 AER 902;DUSTER ATF YAI (DREKSYON KUTUSU) 2 AD;Tem.19;
400; TAKP MASRAFLARI;31.07.2019;43,70   ;0,00   ;43,70   ;DER GDERLER;DER;ETL ANTYE HARCAMALARI;Tem.19;
401;GENAD DEKANADZE;2.08.2019;717,50   ;0,00   ;717,50   ;LOJMAN;KRA BEDEL;LOJMAN KRASI (250 USD*2,87);Au.19;
402;SULKHAN KHOZREVANDZE;1.08.2019;59,32   ;10,68   ;70,00   ;TAMR/BAKIM;06 AGR 36;HI UP HDROLK HORTUM BALII 4 AD;Au.19;
403;TIRSAN LTD;1.08.2019;5,00   ;0,00   ;5,00   ;TAMR/BAKIM;06 AGR 36;SEGMAN - HI UP;Au.19;
404;NOVA LTD;2.08.2019;38,14   ;6,86   ;45,00   ;MALZEME;HIRDAVAT;KULAK TIKACI 50 AD;Au.19;
405;NOVA LTD;2.08.2019;40,68   ;7,32   ;48,00   ;MALZEME;HIRDAVAT;YAPITIRICI-KALIP CONTA N 1,5 KG;Au.19;
406;BMS GEORGA YAPI LTD;2.08.2019;72,71   ;13,09   ;85,80   ;MALZEME;HIRDAVAT;YAPITIRICI-KALIP CONTA N 2,5 KG;Au.19;
407;BAANA LTD;3.08.2019;11,90   ;0,00   ;11,90   ;DER GDERLER;SALIK;ECZA DOLABINA LK YRD. MALZEMES;Au.19;
408;BROTHERS LTD;3.08.2019;36,00   ;0,00   ;36,00   ;DER GDERLER;SALIK;MAHR SEVML MUAYENE CRET-PARMAK EZLD;Au.19;
409;VTA-MED LTD;3.08.2019;19,70   ;0,00   ;19,70   ;DER GDERLER;SALIK;MAHR SEVML LA;Au.19;
410;DAVT TAKDZE;4.08.2019;400,00   ;0,00   ;400,00   ;LOJMAN;KRA BEDEL;2. LOJMAN KRASI;Au.19;
411;TORNKE CHOGADZE;5.08.2019;20,00   ;0,00   ;20,00   ;DER GDERLER;DER;ARJ CHAZI (BAHATTN RKET TELF);Au.19;
412;NAZILBE LTD;5.08.2019;148,99   ;26,82   ;175,81   ;DER GDERLER;GIDA/TEM.MLZ;AY 2,EKER 5, BARDAK 3000,SABUN, BLK DET 4,P PT, KRDAN 6, CF 1, SU 9;Au.19;
413;E-2010 LTD;7.08.2019;41,86   ;7,54   ;49,40   ;KIRTASYE;KIRTASYE;KLASR 6, PT DOSYA 100, MARKR 3, A4-2;Au.19;
414;MAGT COM;5.08.2019;6,00   ;0,00   ;6,00   ;LETM;NTERNET;591401250 EREN BEY HATTINA 1 GB NT. YKLEME;Au.19;
415;LUGAS LTD;13.08.2019;15,00   ;0,00   ;15,00   ;DER GDERLER;KMR;KMR 1 TORBA;Au.19;
416;LUGAS LTD;13.08.2019;17,00   ;0,00   ;17,00   ;DER GDERLER;KMR;KMR 1 TORBA;Au.19;
417;TSULU LTD;13.08.2019;15,30   ;0,00   ;15,30   ;DER GDERLER;GIDA/TEM.MLZ;PERSONELE MERUBAT 6 AD;Au.19;
418;TSULU LTD;13.08.2019;10,20   ;0,00   ;10,20   ;DER GDERLER;GIDA/TEM.MLZ;PERSONELE MERUBAT 4 AD;Au.19;
419;MKHEL ANTADZE;13.08.2019;20,00   ;0,00   ;20,00   ;MALZEME;ZCACCYE;SATIR 1 AD;Au.19;
420;YALIN MARKET;13.08.2019;53,18   ;9,57   ;62,75   ;DER GDERLER;GIDA/TEM.MLZ;AY 3, KMYON;Au.19;
421;NAZILBE LTD;13.08.2019;21,91   ;3,94   ;25,85   ;DER GDERLER;GIDA/TEM.MLZ;SU 6, BIAK, KBRT;Au.19;
422;TURSA LTD;13.08.2019;19,07   ;3,43   ;22,50   ;DER GDERLER;GIDA/TEM.MLZ;IZGARA 3 AD;Au.19;
423;SLKNET LTD;12.08.2019;35,00   ;0,00   ;35,00   ;LOJMAN;NTERNET;LOJMAN 1 NTERNET VE TV TEMMUZ 2019;Au.19;
424;SOCAR PETROL;13.08.2019;20,00   ;0,00   ;20,00   ;LOJMAN;DOALGAZ;LOJMAN 1 D. GAZ BED. TEMMUZ 2019;Au.19;
425;ENERGO PRO LTD;13.08.2019;25,00   ;0,00   ;25,00   ;LOJMAN;ELEKTRK;LOJMAN 1 ELEKTRK BED. TEMMUZ 2019;Au.19;
426;ENERGO PRO LTD;13.08.2019;40,00   ;0,00   ;40,00   ;LOJMAN;ELEKTRK;LOJMAN 2 ELEKTRK BED. TEMMUZ 2019;Au.19;
427;MAR 2015 LTD;14.08.2019;11,44   ;2,06   ;13,50   ;DER GDERLER;ZCACCYE;TAHTA AY KARITIRICI 3 AD;Au.19;
428;BANK OF GEORGIA;16.07.2019;5,02   ;0,00   ;5,02   ;BANKA MASRAF;EFT MASRAF;BANKA MASRAF.VERG DARES EFT CRET;Tem.19;
429;BANK OF GEORGIA;16.07.2019;2,80   ;0,00   ;2,80   ;BANKA MASRAF;DER;BANKA MASRAF.NAKT EKM KOMSYONU;Tem.19;
430;BANK OF GEORGIA;19.07.2019;1,00   ;0,00   ;1,00   ;BANKA MASRAF;DER;SMS BLDRM CRET;Tem.19;
431;BANK OF GEORGIA;25.07.2019;20,00   ;0,00   ;20,00   ;BANKA MASRAF;DER;BANKA MASRAF.BANKAMATK KARTI TALEP CRET;Tem.19;
432;BANK OF GEORGIA;25.07.2019;14,00   ;0,00   ;14,00   ;BANKA MASRAF;DER;BANKA MASRAF.NAKT EKM KOMSYONU;Tem.19;
433;BANK OF GEORGIA;29.07.2019;1,00   ;0,00   ;1,00   ;BANKA MASRAF;EFT MASRAF;BANKA MASRAF.SULKHAN KHOZREVANIDZE TORNACI;Tem.19;
434;BANK OF GEORGIA;31.07.2019;4,00   ;0,00   ;4,00   ;BANKA MASRAF;DER;BANKA MASRAF.NAKT EKM KOMSYONU;Tem.19;
435;BANK OF GEORGIA;31.07.2019;1,00   ;0,00   ;1,00   ;BANKA MASRAF;EFT MASRAF;BANKA MASRAF.NANA FUTKARADZE.MOTOR SARIM CRET;Tem.19;
436;BES DEMES.  VE  VEREN;25.07.2019;505,54   ;0,00   ;505,54   ;LK;BES;HAZRAN 2019 LKLERE AT  + VEREN BES PAYLARI;Haz.19;
437;BS METAL GRUP;12.06.2019;18,76   ;3,37   ;22,14   ;MALZEME;HIRDAVAT;EL ARABA ML+EL ARABA TEKER+PL+NCE KALEM PL;Haz.19;
438;BS METAL GRUP;13.06.2019;11,91   ;2,14   ;14,04   ;MALZEME;HIRDAVAT;SAC KESME MAKASI;Haz.19;
439;BS METAL GRUP;19.06.2019;7,20   ;1,30   ;8,50   ;MALZEME;HIRDAVAT;BEYAZ BARET PL;Haz.19;
440;BS METAL GRUP;19.06.2019;55,50   ;9,99   ;65,49   ;MALZEME;HIRDAVAT;FIRA SAPI+EKPAS+AMPUL+OTO FIRA;Haz.19;
441;BS METAL GRUP;22.06.2019;32,81   ;5,91   ;38,72   ;MALZEME;HIRDAVAT;CVATA 8 ADET +  AYAKKABISI;Haz.19;
442;BS METAL GRUP;29.06.2019;34,88   ;6,28   ;41,16   ;MALZEME;HIRDAVAT;WC FIRASI+EKPAS+KOVA+KAYNAK MASKES;Haz.19;
443;BS METAL GRUP;30.06.2019;20,34   ;3,66   ;24,00   ;MALZEME;HIRDAVAT;SLME TAI;Haz.19;
444;NOKS LTD;13.06.2019;84,75   ;15,25   ;100,00   ;MALZEME;HIRDAVAT;AMPERMETRE+CVATA+YAN KESK + PENSE;Haz.19;
445;NOKS LTD;13.06.2019;36,44   ;6,56   ;43,00   ;MALZEME;HIRDAVAT;BARET+KAPI KOLU+KLT;Haz.19;
446;NOKS LTD;15.06.2019;6,78   ;1,22   ;8,00   ;MALZEME;HIRDAVAT;ELEKTRK ZOLE BANT;Haz.19;
447;NOKS LTD;15.06.2019;67,80   ;12,20   ;80,00   ;MALZEME;HIRDAVAT;KLT+MENTEE+ATI VDASI;Haz.19;
448;NOKS LTD;17.06.2019;16,95   ;3,05   ;20,00   ;MALZEME;HIRDAVAT;POLRETAN KPK + KOL BANDI;Haz.19;
449;NOKS LTD;22.06.2019;33,90   ;6,10   ;40,00   ;MALZEME;HIRDAVAT; AYAKKABISI;Haz.19;
450;NOKS LTD;21.06.2019;39,83   ;7,17   ;47,00   ;MALZEME;HIRDAVAT;KESER SAPI+KESER +28 LK ANAHTAR;Haz.19;
451;NOKS LTD;21.06.2019;77,12   ;13,88   ;91,00   ;MALZEME;HIRDAVAT; AYAKKABISI+1,5 K EK  + 2 K EK;Haz.19;
452;NOKS LTD;21.06.2019;16,95   ;3,05   ;20,00   ;MALZEME;HIRDAVAT;ANAK FIRA + ANAK;Haz.19;
453;NOKS LTD;24.06.2019;156,78   ;28,22   ;185,00   ;MALZEME;HIRDAVAT;EL FENER+ELEKTRK BANDI+IRPI P+L PRZ;Haz.19;
454;NOKS LTD;22.06.2019;12,71   ;2,29   ;15,00   ;MALZEME;HIRDAVAT;5 MT-LK ERT METRE;Haz.19;
455;NOKS LTD;25.06.2019;177,97   ;32,03   ;210,00   ;MALZEME;HIRDAVAT;P KOVASI+FIRA+ AYAKKABISI+SLME TAI;Haz.19;
456;NOKS LTD;26.06.2019;256,78   ;46,22   ;303,00   ;MALZEME;HIRDAVAT;ELK DBEL-YELEK-AYAKKABI-BARET;Haz.19;
457;NOKS LTD;27.06.2019;80,93   ;14,57   ;95,50   ;MALZEME;HIRDAVAT;ANAK FIRA+ALI MALASI+SPATULA;Haz.19;
458;NOKS LTD;27.06.2019;93,22   ;16,78   ;110,00   ;MALZEME;HIRDAVAT;MUTFAK EVYES;Haz.19;
459;NOKS LTD;22.06.2019;33,90   ;6,10   ;40,00   ;MALZEME;HIRDAVAT; AYAKKABISI;Haz.19;
460;BS METAL GRUP;29.06.2019;974,75   ;175,45   ;1.150,20   ;MALZEME;HIRDAVAT;40*60*3MM PROFL  20 BOY   6 MT-LK;Haz.19;
461;NOKS LTD;23.05.2019;5,93   ;1,07   ;7,00   ;MALZEME;HIRDAVAT;KLEMENS- 10 VE 12 LK;Haz.19;
462;VERG DARES ;30.06.2019;8.259,22   ;0,00   ;8.259,22   ;VERG/HAR; VERGS-MUHTASAR; VERGS-MUHTASAR. HAZRAN 2019;Haz.19;
463;NET SERVCE LTD;1.08.2019;44,38   ;0,00   ;44,38   ;LETM;NTERNET;TEMMUZ NTERNET BEDEL.27 GN;Au.19;
464;BANK OF GEORGIA;1.08.2019;5,68   ;0,00   ;5,68   ;BANKA MASRAF;EFT MASRAF;BANKA MASRAF.CETO LOJSTK;Au.19;
465;BANK OF GEORGIA;1.08.2019;1,00   ;0,00   ;1,00   ;BANKA MASRAF;EFT MASRAF;BANKA MASRAF.NETSERVS-OFS NTERNET;Au.19;
466;BANK OF GEORGIA;2.08.2019;8,00   ;0,00   ;8,00   ;BANKA MASRAF;DER;BANKA MASRAF.NAKT EKM KOMSYONU;Au.19;
467;BANK OF GEORGIA;6.08.2019;10,00   ;0,00   ;10,00   ;BANKA MASRAF;DER;BANKA MASRAF.NAKT EKM KOMSYONU;Au.19;
468;BANK OF GEORGIA;6.08.2019;1,00   ;0,00   ;1,00   ;BANKA MASRAF;DER;BANKA MASRAF.NAKT EKM KOMSYONU;Au.19;
469;BANK OF GEORGIA;9.08.2019;22,00   ;0,00   ;22,00   ;BANKA MASRAF;DER;BANKA MASRAF.NAKT EKM KOMSYONU;Au.19;
470;BANK OF GEORGIA;15.08.2019;5,00   ;0,00   ;5,00   ;BANKA MASRAF;DER;BANKA MASRAF.NAKT EKM KOMSYONU;Au.19;
471;BANK OF GEORGIA;15.08.2019;5,00   ;0,00   ;5,00   ;BANKA MASRAF;DER;BANKA MASRAF.NAKT EKM KOMSYONU;Au.19;
472;BANK OF GEORGIA;15.08.2019;5,00   ;0,00   ;5,00   ;BANKA MASRAF;DER;BANKA MASRAF.NAKT EKM KOMSYONU;Au.19;
473;BANK OF GEORGIA;15.08.2019;14,30   ;0,00   ;14,30   ;BANKA MASRAF;DER;BANKA MASRAF.NAKT EKM KOMSYONU;Au.19;
474;BANK OF GEORGIA;16.08.2019;5,00   ;0,00   ;5,00   ;BANKA MASRAF;DER;BANKA MASRAF.NAKT EKM KOMSYONU;Au.19;
475;BANK OF GEORGIA;16.08.2019;5,00   ;0,00   ;5,00   ;BANKA MASRAF;DER;BANKA MASRAF.NAKT EKM KOMSYONU;Au.19;
476;BANK OF GEORGIA;16.08.2019;5,00   ;0,00   ;5,00   ;BANKA MASRAF;DER;BANKA MASRAF.NAKT EKM KOMSYONU;Au.19;
477;BANK OF GEORGIA;16.08.2019;5,00   ;0,00   ;5,00   ;BANKA MASRAF;DER;BANKA MASRAF.NAKT EKM KOMSYONU;Au.19;
478;BANK OF GEORGIA;20.08.2019;45,62   ;0,00   ;45,62   ;BANKA MASRAF;EFT MASRAF;BANKA MASRAF.VERG DARES EFT CRET;Au.19;
479;BANK OF GEORGIA;20.08.2019;1,00   ;0,00   ;1,00   ;BANKA MASRAF;EFT MASRAF;BANKA MASRAF.MAGT GSM;Au.19;
480;BANK OF GEORGIA;21.08.2019;4,80   ;0,00   ;4,80   ;BANKA MASRAF;DER;BANKA MASRAF.NAKT EKM KOMSYONU;Au.19;
481;BES DEMES.  VE  VEREN;20.08.2019;1.485,38   ;0,00   ;1.485,38   ;LK;BES;TEMMUZ  2019 LKLERE AT  + VEREN BES PAYLARI;Tem.19;
482;NETWORK GLOBAL LOJSTK A..;31.08.2019;63.627,12   ;0,00   ;63.627,12   ;NAKLYE;NAKLYE;21.600 $ =  DLOVASI-BATUM LANCHNG NAKLYE 2.700 USD *8 TIR * 2.9457 LAR;Au.19;
483;CETO LOGISTIK LTD GEORGIA;5.09.2019;10.084,40   ;0,00   ;10.084,40   ;NAKLYE;NAKLYE;3.400$ =DLOVASI-BATUM LANCHNG NAKLYE  1.700$*2 TIR *2.9660;Eyl.19;
484;EFE TIR LTD;5.09.2019;5.042,20   ;0,00   ;5.042,20   ;NAKLYE;NAKLYE;1.700$ =DLOVASI-BATUM LANCHNG NAKLYE  1.700$*1 TIR *2.9660;Eyl.19;
485;TRABZON METRO TURZM TCARET SEYAHAT LTD.T.;3.09.2019;15.991,56   ;0,00   ;15.991,56   ;NAKLYE;NAKLYE;5.400$ =DLOVASI-BATUM LANCHNG NAKLYE  1.800$*3 TIR *2.9614;Eyl.19;
486;BS METAL GRUP;3.07.2019;415,22   ;74,74   ;489,96   ;MALZEME;HIRDAVAT;15 LAR NAKLYE + KUTU PROFL 40X40X2MM      40X60 X 2MM;Tem.19;
487;BS METAL GRUP;14.07.2019;32,41   ;5,83   ;38,24   ;MALZEME;HIRDAVAT;DEMR DELC U  6 LIK VE 12 LK;Tem.19;
488;BS METAL GRUP;16.07.2019;16,95   ;3,05   ;20,00   ;MALZEME;HIRDAVAT;AHAP DELC U;Tem.19;
489;BS METAL GRUP;16.07.2019;547,12   ;98,48   ;645,60   ;MALZEME;HIRDAVAT;15 LAR NAKLYE+ KUTU PROFL 40*60*3 MM;Tem.19;
490;NOKS LTD;1.07.2019;51,70   ;9,30   ;61,00   ;MALZEME;HIRDAVAT;KESME TAI;Haz.19;
491;NOKS LTD;1.07.2019;80,51   ;14,49   ;95,00   ;MALZEME;HIRDAVAT;SPRAL TAI + GRES YAI+ SLME TAI + EK;Tem.19;
492;NOKS LTD;2.07.2019;352,54   ;63,46   ;416,00   ;MALZEME;HIRDAVAT;BRANDA+SPREY BOYA + ANAHTAR+LOKMA;Tem.19;
493;NOKS LTD;3.07.2019;172,88   ;31,12   ;204,00   ;MALZEME;HIRDAVAT;EK- AYAKKABISI+ZIMPARA;Tem.19;
494;NOKS LTD;3.07.2019;222,88   ;40,12   ;263,00   ;MALZEME;HIRDAVAT;YAMURLUK-TOZ MASKES - ANAK FIRA;Tem.19;
495;NOKS LTD;3.07.2019;101,69   ;18,31   ;120,00   ;MALZEME;HIRDAVAT;EKPAS -  AYAKKABISI - ALMAN KAZMASI;Tem.19;
496;NOKS LTD;5.07.2019;288,14   ;51,86   ;340,00   ;MALZEME;HIRDAVAT;3 CM FIRA -   AYAKKABI - HAR MAKNASI KOVA - BARET;Tem.19;
497;NOKS LTD;6.07.2019;72,03   ;12,97   ;85,00   ;MALZEME;HIRDAVAT;SAC VDASI -  OFS VE SOYUNMA ODASI N;Tem.19;
498;NOKS LTD;8.07.2019;105,93   ;19,07   ;125,00   ;MALZEME;HIRDAVAT; AYAKKABISI - SPREY BOYA - TOZ MASKES - GZLK;Tem.19;
499;NOKS LTD;9.07.2019;135,59   ;24,41   ;160,00   ;MALZEME;HIRDAVAT; AYAKKABISI;Tem.19;
500;NOKS LTD;11.07.2019;518,64   ;93,36   ;612,00   ;MALZEME;HIRDAVAT; AYAKKABISI - BARET - YELEK;Tem.19;
501;NOKS LTD;15.07.2019;268,22   ;48,28   ;316,50   ;MALZEME;HIRDAVAT;SPREY BOYA-PAS AICI - ARA FIRSASI - SAPI;Tem.19;
502;NOKS LTD;16.07.2019;119,07   ;21,43   ;140,50   ;MALZEME;ELEKTRK MALZEME;KABLO 2*2,5 ;Tem.19;
503;NOKS LTD;17.07.2019;69,49   ;12,51   ;82,00   ;MALZEME;ELEKTRK MALZEME;36 KOMBNE ANAHTAR - TRFAZE 3 L PRZ;Tem.19;
504;NOKS LTD;18.07.2019;72,03   ;12,97   ;85,00   ;MALZEME;ELEKTRK MALZEME;DEMR BKME ANAHTARI 14 LK;Tem.19;
505;NOKS LTD;18.07.2019;947,46   ;170,54   ;1.118,00   ;MALZEME;HIRDAVAT;SIRT POMPASI ARJLI -  AYAKKABISI - ELDVEN - YELEK;Tem.19;
506;NOKS LTD;19.07.2019;332,20   ;59,80   ;392,00   ;MALZEME;HIRDAVAT;YAMURLUK  -  AYAKKABISI;Tem.19;
507;NOKS LTD;26.07.2019;46,19   ;8,31   ;54,50   ;MALZEME;HIRDAVAT;ERT METRE 3 MT'LK  - CVATA - L DEMR -SAC MAKASI;Tem.19;
508;NOKS LTD;27.07.2019;1.177,12   ;211,88   ;1.389,00   ;MALZEME;HIRDAVAT;ELEKTROT-BARET-EL ARABASI-ANAHTAR;Tem.19;
509;NOKS LTD;27.07.2019;16,95   ;3,05   ;20,00   ;MALZEME;HIRDAVAT;ELEKTRK BANDI;Tem.19;
510;MAGT COM;9.08.2019;2,12   ;0,38   ;2,50   ;LETM;NTERNET; LER BAKANLII 112 SMS BLDRM;Au.19;
511;MAGT COM;7.08.2019;147,88   ;26,62   ;174,50   ;LETM;NTERNET;TELEFON HZMET;Au.19;
512;VERG DARES ;30.07.2019;0,00   ;65.167,10   ;65.167,10   ;VERG/HAR;KDV-1;KDV.TEMMUZ 2019;Tem.19;
513;VERG DARES ;30.07.2019;25.636,55   ;0,00   ;25.636,55   ;VERG/HAR; VERGS-MUHTASAR; VERGS-MUHTASAR. TEMMUZ 2019;Tem.19;
514;LUKA 2018 LTD;16.08.2019;105,93   ;19,07   ;125,00   ;MALZEME;DEMR MALZEME;SAC -6 TABAKA- SOYUNMA ODASI;Au.19;
515;MACT ALPUTAM;16.08.2019;15,90   ;0,00   ;15,90   ;MALZEME;ZCACCYE;KALEM PL 8 AD;Au.19;
516;MRA LTD;16.08.2019;46,61   ;8,39   ;55,00   ;TAMR/BAKIM;06 AGR 36;SREN 1 AD - SEKZL PORTAL;Au.19;
517;NAZILBE LTD;19.08.2019;61,33   ;11,04   ;72,37   ;DER GDERLER;GIDA/TEM.MLZ;BULAIK SNGER-P POET-SIVI SABUN;Au.19;
518;NAZILBE LTD;19.08.2019;67,63   ;12,17   ;79,80   ;DER GDERLER;GIDA/TEM.MLZ;PET BARDAK 3000, SU 6 AD;Au.19;
519;REFELARUL HASTANES;19.08.2019;60,00   ;0,00   ;60,00   ;DER GDERLER;SALIK;AZZ PALA MUAYENE CR. (GZ);Au.19;
520;REFELARUL HASTANES;19.08.2019;60,00   ;0,00   ;60,00   ;DER GDERLER;SALIK;AZZ PALA GZ APAK IKARMA CRET;Au.19;
521;TURSA LTD;19.08.2019;52,37   ;9,43   ;61,80   ;DER GDERLER;GIDA/TEM.MLZ;AY 3 KG;Au.19;
522;BS METAL GRUP;20.08.2019;268,11   ;48,26   ;316,37   ;MALZEME;DEMR MALZEME;SAC (100*200*8 mm-70 LK PORTAL);Au.19;
523;MED 2010 LTD;20.08.2019;15,00   ;0,00   ;15,00   ;MALZEME;ZCACCYE;PARA HALI;Au.19;
524;GURAM DASAMDZE;21.08.2019;100,00   ;0,00   ;100,00   ;MALZEME;ZCACCYE;BAHATTN TMUR LOJMANA TAVA, TENCERE;Au.19;
525;E-2010 LTD;21.08.2019;29,83   ;5,37   ;35,20   ;KIRTASYE;KIRTASYE;KLASR 6, TELL DOSYA 30, TKENMEZ 8;Au.19;
526;KHEV LTD;23.08.2019;21,19   ;3,81   ;25,00   ;DER GDERLER;DER;OKSJEN GAZI 1AD;Au.19;
527;MAGT COM;23.08.2019;34,50   ;0,00   ;34,50   ;LETM;NTERNET;BAHATTN TMUR LOJMAN NTERNET DEMES;Au.19;
528;STANBUL BAZAAR LTD;24.08.2019;100,00   ;0,00   ;100,00   ;MALZEME;ZCACCYE;BAHATTNE TMUR  BATTANYE, NEVRESM TK;Au.19;
529;MEGA GRUP LTD;26.08.2019;21,60   ;0,00   ;21,60   ;DER GDERLER;GIDA/TEM.MLZ;OFSE SU;Au.19;
530;UKRAYNA LTD;26.08.2019;88,56   ;15,94   ;104,50   ;DER GDERLER;YEMEK;POLAT YOL MHENDSLERYLE YEMEK;Au.19;
531;TSULU LTD;28.08.2019;66,63   ;0,00   ;66,63   ;DER GDERLER;GIDA/TEM.MLZ;OFSE KAHVALTILIK, SU VS;Au.19;
532;YALIN MARKET LTD;29.08.2019;74,90   ;0,00   ;74,90   ;DER GDERLER;GIDA/TEM.MLZ;OFSE AY 4 KG;Au.19;
533;NAZILBE LTD;29.08.2019;90,14   ;16,23   ;106,37   ;DER GDERLER;GIDA/TEM.MLZ;EKER 13,6 KG, KAHVE,PET BARDAK 1700, SIVI SABUN4 LT,PEETE 6,K.HAVLU 4,WC KAIDI8;Au.19;
534;STANBUL BAZAAR LTD;29.08.2019;40,00   ;0,00   ;40,00   ;MALZEME;ZCACCYE;NEVRESM TK 2 AD (TAHSN BEY, H. DLEK);Au.19;
535;GRN LTD;29.08.2019;40,00   ;0,00   ;40,00   ;DER GDERLER;YEMEK;TAHSN BEY, H. DLEK YEMEK;Au.19;
536;RAUL KAMADADZE;30.08.2019;46,00   ;0,00   ;46,00   ;DER GDERLER;GIDA/TEM.MLZ;DAMACANA 6 AD;Au.19;
537;MAGT COM;31.08.2019;10,00   ;0,00   ;10,00   ;LETM;NTERNET;591901770 TAHSN BEY HATTINA 3 GB NTERNET;Au.19;
538;MTEFERK HARCAMA;31.08.2019;102,60   ;0,00   ;102,60   ;DER GDERLER;DER;ETL ANTYE HARCAMALARI ( LOJMAN TEMZLEME CRET-OTOPARK-PERSONELE YEMEK);Au.19;
539;E-2010 LTD;2.09.2019;2,50   ;0,00   ;2,50   ;MALZEME;HIRDAVAT;MARKR KALEM 5 AD;Eyl.19;
540;YALIN MARKET;2.09.2019;19,27   ;0,00   ;19,27   ;DER GDERLER;GIDA/TEM.MLZ;OFSE SU-TRK KAHVE;Eyl.19;
541;NAZILBE LTD;4.09.2019;9,30   ;0,00   ;9,30   ;DER GDERLER;GIDA/TEM.MLZ;OFSE SU ;Eyl.19;
542;MODUS LTD;4.09.2019;52,00   ;0,00   ;52,00   ;MALZEME;ZCACCYE;LASTKL ARAF 2 AD;Eyl.19;
543;NOVA LTD;4.09.2019;116,00   ;0,00   ;116,00   ;MALZEME;HIRDAVAT;KESME TAI 30 AD -KULAK TIKACI 20 AD;Eyl.19;
544;RON HNKLADZE;4.09.2019;2,00   ;0,00   ;2,00   ;MALZEME;HIRDAVAT;KALEM PL;Eyl.19;
545;TSULU LTD;5.09.2019;9,82   ;0,00   ;9,82   ;DER GDERLER;GIDA/TEM.MLZ;OFSE KAHVALTILIK;Eyl.19;
546;NAZILBE LTD;5.09.2019;72,83   ;0,00   ;72,83   ;DER GDERLER;GIDA/TEM.MLZ;EKER 11,HAVLU 4,PET BARDAK, TEMZLK MALZ;Eyl.19;
547;YALIN MARKET;5.09.2019;154,75   ;0,00   ;154,75   ;DER GDERLER;GIDA/TEM.MLZ;AY 5, PET BARDAK 575,FNCAN, BARDAK VS;Eyl.19;
548;MRA LTD;5.09.2019;65,00   ;0,00   ;65,00   ;TAMR/BAKIM;PORTAL VN;PORTAL SWTCH, AY KAZANINA OTOMAT;Eyl.19;
549;RAMZRA VARSHANDZE;6.09.2019;4,30   ;0,00   ;4,30   ;DER GDERLER;GIDA/TEM.MLZ;DOMATES;Eyl.19;
550;TSULU LTD;6.09.2019;4,37   ;0,00   ;4,37   ;DER GDERLER;GIDA/TEM.MLZ;PEYNR, EKMEK;Eyl.19;
551;BEJO LTD;6.09.2019;5,60   ;0,00   ;5,60   ;DER GDERLER;YEMEK;LE YEME 3 K, EKMEK,DOMATES VS;Eyl.19;
552;BEJO LTD;6.09.2019;5,60   ;0,00   ;5,60   ;DER GDERLER;YEMEK;LE YEME 3 K PEYNR ;Eyl.19;
553;NET SERVCE LTD;6.09.2019;43,23   ;7,77   ;51,00   ;LETM;NTERNET;OFS NTERNET DEME;Eyl.19;
554;TSULU LTD;7.09.2019;2,00   ;0,00   ;2,00   ;DER GDERLER;GIDA/TEM.MLZ;EKMEK;Eyl.19;
555;SOCAR PETROL;7.09.2019;18,00   ;0,00   ;18,00   ;LOJMAN;DOALGAZ;LOJMAN 1 D. GAZ DEMES;Eyl.19;
556;SLKNET LTD;7.09.2019;35,00   ;0,00   ;35,00   ;LOJMAN;NTERNET;LOJMAN 1 NTERNET, TV DEME;Eyl.19;
557;ENERGO PRO LTD;7.09.2019;20,00   ;0,00   ;20,00   ;LOJMAN;ELEKTRK;LOJMAN 1 ELEKTRK DEME;Eyl.19;
558;MAGT GSM;7.09.2019;13,00   ;0,00   ;13,00   ;LETM;NTERNET;H. DLEK HATTINA 5 GB NTERNET-591503160;Eyl.19;
559;ASANSR SERVS LTD;7.09.2019;45,00   ;0,00   ;45,00   ;LOJMAN;ADAT;LOJMAN 1, 3 AYLIK ADAT(9-10-11 AYLAR);Eyl.19;
560;BMA -SAXLI KOBALADZS;7.09.2019;35,00   ;0,00   ;35,00   ;LOJMAN;DER;LOJMAN 1 ASANSR P VE KULLANIMI 2 AD;Eyl.19;
561;SUAT LTD;7.09.2019;92,00   ;0,00   ;92,00   ;DER GDERLER;YEMEK;AKAM YEME 3 K(TAHSN, KEMAL BEY, HD);Eyl.19;
562;NOKS LTD;23.09.2019;20,00   ;0,00   ;20,00   ;MALZEME;HIRDAVAT;KAYNAK MASKES CAMI. 27.06.2019 TARHNDE ALINMITI.FT KESLMEY UNUTMULAR;Eyl.19;
563;LKLER;31.08.2019;130.796,87   ;0,00   ;130.796,87   ;LK;MAA;AUSTOS 2019 MAALAR;Au.19;
564;NOKS LTD;1.08.2019;302,54   ;54,46   ;357,00   ;MALZEME;HIRDAVAT; AYAKKABISI-BARET-YELEK-SRGL KLT-TEBER;Au.19;
565;NOKS LTD;3.08.2019;166,95   ;30,05   ;197,00   ;MALZEME;HIRDAVAT;TERCMES GELECEK;Au.19;
566;NOKS LTD;3.08.2019;5,93   ;1,07   ;7,00   ;MALZEME;HIRDAVAT;BARET BEYAZ;Au.19;
567;NOKS LTD;5.08.2019;201,27   ;36,23   ;237,50   ;MALZEME;HIRDAVAT;TERCMES GELECEK;Au.19;
568;NOKS LTD;6.08.2019;247,46   ;44,54   ;292,00   ;MALZEME;HIRDAVAT;TERCMES GELECEK;Au.19;
569;SOCAR PETROL;14.08.2019;432,20   ;77,80   ;510,00   ;AKARYAKIT;AKARYAKIT;EURO DZEL . 510 LT;Au.19;
570;SOCAR PETROL;14.08.2019;633,05   ;113,95   ;747,00   ;AKARYAKIT;AKARYAKIT;EURO DZEL . 300 LT;Au.19;
571;BES DEMES.  VE  VEREN;28.09.2019;1.772,16   ;0,00   ;1.772,16   ;LK;BES;AUSTOS 2019 LKLERE AT  + VEREN BES PAYLARI;Au.19;
572;MAGT GSM;7.09.2019;161,27   ;29,03   ;190,30   ;LETM;TELEFON/NTERNET;TELEFON HZMET;Au.19;
573;MAGT GSM;10.09.2019;2,12   ;0,38   ;2,50   ;LETM;TELEFON/NTERNET; LER BAKANLII 112 SMS BLDRM;Au.19;
574;NOKS LTD;5.08.2019;785,59   ;141,41   ;927,00   ;MALZEME;HIRDAVAT;KAUUK PRZ - 6 LI PRZ - SPATULA-ELDVEN;Au.19;
575;NOKS LTD;5.08.2019;244,92   ;44,08   ;289,00   ;MALZEME;HIRDAVAT;TEBER-IRPI P - AHAP DELC U - KERPETEN;Au.19;
576;NOKS LTD;17.08.2019;101,69   ;18,31   ;120,00   ;MALZEME;HIRDAVAT; AYAKKABISI 3 ADET;Au.19;
577;NOKS LTD;19.08.2019;154,24   ;27,76   ;182,00   ;MALZEME;HIRDAVAT; AYAKKABISI - ELEKTRK BANDI -  MAKET BIAI;Au.19;
578;NOKS LTD;20.08.2019;468,90   ;84,40   ;553,30   ;MALZEME;HIRDAVAT; AYAKKABISI - KESME TAI - YELEK-BUAT;Au.19;
579;NOKS LTD;21.08.2019;14,41   ;2,59   ;17,00   ;MALZEME;HIRDAVAT;RULO FIRA BOYA N - ANAHTAR;Au.19;
580;NOKS LTD;22.08.2019;112,71   ;20,29   ;133,00   ;MALZEME;HIRDAVAT;FALATA-ELEKTROT- AYAKKABISI;Au.19;
581;NOKS LTD;23.08.2019;929,66   ;167,34   ;1.097,00   ;MALZEME;HIRDAVAT;ELDVEN  - FIRA SAPI - SLME TAI-ANAK FIRA;Au.19;
582;NOKS LTD;24.08.2019;61,86   ;11,14   ;73,00   ;MALZEME;HIRDAVAT;AHAP DARE TESTERE- ANAHTAR-ALYAN- 3 CM FIRA;Au.19;
583;NOKS LTD;26.08.2019;473,73   ;85,27   ;559,00   ;MALZEME;HIRDAVAT;SPRAL KABLO BORUSU- AYAKKABISI-3*1,5 KABLO;Au.19;
584;NOKS LTD;27.08.2019;233,05   ;41,95   ;275,00   ;MALZEME;HIRDAVAT;YAMURLUK-FIRA;Au.19;
585;NOKS LTD;2.09.2019;351,69   ;63,31   ;415,00   ;MALZEME;HIRDAVAT;KESME TAI-YELEK-ELDVEN-FIRA;Au.19;
586;NOKS LTD;4.09.2019;207,63   ;37,37   ;245,00   ;MALZEME;HIRDAVAT;VDA-TEFLON-TEBER-ELDVEN-ZL;Au.19;
587;NOKS LTD;5.09.2019;46,61   ;8,39   ;55,00   ;MALZEME;HIRDAVAT;FIRA SAPI-KURBAACIK;Au.19;
588;VERG DARES ;31.08.2019;0,00   ;76.089,69   ;76.089,69   ;VERG/HAR;KDV-1;KDV.AUSTOS 2019;Au.19;
589;VERG DARES ;31.08.2019;26.856,74   ;0,00   ;26.856,74   ;VERG/HAR; VERGS-MUHTASAR; VERGS-MUHTASAR. AUSTOS  2019;Au.19;
590;M-AL NAAT EML.TAAH.DEK.PROJ.TUR.H.T.TC.VE SAN.LTD.T.;7.10.2019;676,18   ;0,00   ;676,18   ;MALZEME;HIRDAVAT;228$=GEZER ELK BURUNLU ZME;Eyl.19;
591;GENAD DEKANADZE;7.09.2019;742,50   ;0,00   ;742,50   ;LOJMAN;KRA BEDEL;LOJMAN 1 AUSTOS 2019 KRASI;Eyl.19;
592;DAVT TAKDZE;7.09.2019;400,00   ;0,00   ;400,00   ;LOJMAN;KRA BEDEL;LOJMAN 2 EYLL 2019 KRASI;Eyl.19;
593;TSULU LTD;10.09.2019;3,48   ;0,00   ;3,48   ;DER GDERLER;GIDA/TEM.MLZ;KAHVALTI N PEYNR;Eyl.19;
594;RAMZRA VARSHANDZE;10.09.2019;4,90   ;0,00   ;4,90   ;DER GDERLER;GIDA/TEM.MLZ;KAHVALTI N DOMATES, EKMEK;Eyl.19;
595;MEDNA HASTANES;11.09.2019;148,00   ;0,00   ;148,00   ;SALIK; KAZASI;ERCAN KO HASTANE CRET ( KAZASI GERD);Eyl.19;
596;PANACEA LTD-ECZANE;11.09.2019;46,45   ;0,00   ;46,45   ;SALIK; KAZASI;ERCAN KO LA ALIMI;Eyl.19;
597;TSULU LTD;11.09.2019;9,46   ;0,00   ;9,46   ;DER GDERLER;GIDA/TEM.MLZ;KAHVALTILIK MALZ.;Eyl.19;
598;ROLAN BERSENADZE;11.09.2019;8,00   ;0,00   ;8,00   ;MALZEME;ELEKTRK MALZEME;LEHM TEL;Eyl.19;
599;TSULU LTD;11.09.2019;2,86   ;0,00   ;2,86   ;DER GDERLER;GIDA/TEM.MLZ;EKMEK, DOMATES;Eyl.19;
600;TUTANAK;11.09.2019;70,00   ;0,00   ;70,00   ;TAMR/BAKIM;06 AGR 36;H UP RADYATR TAMR;Eyl.19;
601;DREKT DEBT GEORGA LTD;12.09.2019;200,00   ;0,00   ;200,00   ;SALIK; KAZASI;GOCHA PAPADZE HASTANE CRET ( KAZASI);Eyl.19;
602;ELDAR EKMAN;12.09.2019;9,00   ;0,00   ;9,00   ;DER GDERLER;GIDA/TEM.MLZ;OFSE SU 12 AD;Eyl.19;
603;MACT ALPUTAM;12.09.2019;12,50   ;0,00   ;12,50   ;DER GDERLER;GIDA/TEM.MLZ;KALEM PL-6 AD;Eyl.19;
604;E-2010 LTD;12.09.2019;20,00   ;0,00   ;20,00   ;KIRTASYE;KIRTASYE;A4 2 PAKET;Eyl.19;
605;SOCAR GAS LTD;12.09.2019;28,00   ;0,00   ;28,00   ;LOJMAN;DOALGAZ;LOJMAN 2 DOALGAZ DEME;Eyl.19;
606;TARAS LASTK;12.09.2019;15,00   ;0,00   ;15,00   ;TAMR/BAKIM;ELEPHANT;ELEFANT LASTK SBOP ALIMI;Eyl.19;
607;SUAT LTD;12.09.2019;103,00   ;0,00   ;103,00   ;DER GDERLER;YEMEK;TAHSN BEY, MHENDSLERLE YEMEK;Eyl.19;
608;TSULU LTD;13.09.2019;2,00   ;0,00   ;2,00   ;DER GDERLER;GIDA/TEM.MLZ;EKMEK;Eyl.19;
609;GGA 2010 LTD;15.09.2019;10,60   ;0,00   ;10,60   ;DER GDERLER;GIDA/TEM.MLZ;PET BARDAK;Eyl.19;
610;GGA 2010 LTD;15.09.2019;9,07   ;0,00   ;9,07   ;DER GDERLER;GIDA/TEM.MLZ;PET BARDAK;Eyl.19;
611;GGA 2010 LTD;15.09.2019;10,00   ;0,00   ;10,00   ;DER GDERLER;GIDA/TEM.MLZ;PET BARDAK;Eyl.19;
612;BATUM LFT SERVS;16.09.2019;16,00   ;0,00   ;16,00   ;LOJMAN;DER;LOJMAN ASANSR P PARA YKLEME;Eyl.19;
613;SS. OPPA;17.09.2019;36,00   ;0,00   ;36,00   ;LOJMAN;NTERNET;LOJMAN 2 NTERNET;Eyl.19;
614;ENERGO PRO LTD;17.09.2019;152,00   ;0,00   ;152,00   ;LOJMAN;ELEKTRK;LOJMAN 2 ELEKTRK;Eyl.19;
615;LBERTY BANK;6.09.2019;108,00   ;0,00   ;108,00   ;VERG/HAR;KDV-1;TAHSN ZMEN GMRK KDV (SPRAL,TORX, MAKTA DELC);Eyl.19;
616;PANACEA PLUS LTD;16.09.2019;86,75   ;;86,75   ;SALIK;SALIK;BEDR PALA LA (KALIPI);Eyl.19;
617;MEDNA HASTANE LTD;16.09.2019;124,00   ;;124,00   ;SALIK;SALIK;BEDR PALA MUAYENE CRET;Eyl.19;
618;SUAT LTD;15.09.2019;68,00   ;;68,00   ;DER GDERLER;YEMEK;TAHSN BEY MHENDSLERLE YEMEK;Eyl.19;
619;BMA SAHL KOBALADZS;17.09.2019;65,00   ;;65,00   ;LOJMAN;DER;LOJMAN 1 OTOPARK KUMANDASI;Eyl.19;
620;MAGT COM;21.09.2019;15,00   ;;15,00   ;LETM;TELEFON/NTERNET;591901770 TAHSN BEY HATTINA 5 GB NTERNET;Eyl.19;
621;MERAB DEVADZE;19.09.2019;11,00   ;;11,00   ;TAMR/BAKIM;ELEPHANT;ELEFANT CAMI N YAPITIRICI;Eyl.19;
622;UNVERSAL LTD;19.09.2019;34,00   ;;34,00   ;TAMR/BAKIM;ELEPHANT;ELEFANTA CAM;Eyl.19;
623;TSULU LTD;19.09.2019;19,45   ;;19,45   ;DER GDERLER;GIDA/TEM.MLZ;OFSE KAHVALTILIK MALZ;Eyl.19;
624;TSULU LTD;20.09.2019;2,00   ;;2,00   ;DER GDERLER;GIDA/TEM.MLZ;EKMEK;Eyl.19;
625;MED 2010 LTD;20.09.2019;20,00   ;;20,00   ;DER GDERLER;GIDA/TEM.MLZ;SNGER;Eyl.19;
626;HEKATE LTD;17.09.2019;3,00   ;;3,00   ;SALIK; KAZASI;ERCAN KO LA ( KAZA GERMT);Eyl.19;
627;MEDNA HASTANE LTD;17.09.2019;65,00   ;;65,00   ;SALIK; KAZASI;ERCAN KO MUAYENE CRET;Eyl.19;
628;SUAT LTD;21.09.2019;91,00   ;;91,00   ;DER GDERLER;YEMEK;TAHSN BEY , ONUR, H.DLEK YEMEK;Eyl.19;
629;TSULU LTD;23.09.2019;11,40   ;;11,40   ;DER GDERLER;GIDA/TEM.MLZ;OFSE KAHVALTILIK MALZ;Eyl.19;
630;STEEL KABLO LTD;24.09.2019;360,00   ;;360,00   ;MALZEME;HIRDAVAT;10 mm 80 mt ELK HALAT;Eyl.19;
631;RAUL KAMADADZE;24.09.2019;52,00   ;;52,00   ;DER GDERLER;GIDA/TEM.MLZ;DAMACANA 6 AD;Eyl.19;
632;SUAT LTD;24.09.2019;72,03   ;12,97   ;85,00   ;DER GDERLER;YEMEK;TAHSN BEY , ONUR, H.DLEK YEMEK;Eyl.19;
633;TSULU LTD;25.09.2019;5,83   ;;5,83   ;DER GDERLER;GIDA/TEM.MLZ;PEYNK, EKMEK;Eyl.19;
634;SONA LTD;25.09.2019;20,00   ;;20,00   ;DER GDERLER;GIDA/TEM.MLZ;TAHTA AY KARITIRICI 6 KUTU;Eyl.19;
635;HDRO GRUP LTD;26.09.2019;2,50   ;;2,50   ;MALZEME;HIRDAVAT;ORNG 2 AD;Eyl.19;
636;NEO FARMA LTD;26.09.2019;19,20   ;;19,20   ;SALIK;SALIK;MEHMET AM GZ N LA;Eyl.19;
637;RESPUBLKUR HASTANES LTD;26.09.2019;40,00   ;;40,00   ;SALIK;SALIK;MEHMET AM GZ APAK IKARMA CRET;Eyl.19;
638;NOVA LTD;27.09.2019;7,00   ;;7,00   ;LOJMAN;DER;MUSLUK 1 AD-LOJMAN;Eyl.19;
639;YALIN MARKET LTD;13.09.2019;88,65   ;;88,65   ;DER GDERLER;GIDA/TEM.MLZ;AY 3 KG, EKER 5 KG PEETE, ;Eyl.19;
640;YALIN MARKET LTD;19.09.2019;289,18   ;;289,18   ;DER GDERLER;GIDA/TEM.MLZ;AY 4, EKER 15, TEMZLK MALZ.;Eyl.19;
641;MAR 2015 LTD;25.09.2019;36,00   ;;36,00   ;DER GDERLER;GIDA/TEM.MLZ;PET BARDAK 3000 AD;Eyl.19;
642;NOKS LTD;23.09.2019;320,00   ;;320,00   ;MALZEME;HIRDAVAT;80 LK KRESEL  VANA 2 AD;Eyl.19;
643;NOVA LTD;23.09.2019;47,00   ;;47,00   ;MALZEME;HIRDAVAT; AYAKKABISI;Eyl.19;
644;TUTANAK;20.09.2019;20,00   ;;20,00   ;DER GDERLER;DER;TIR FRNE ADIR YIRTILMA BEDEL;Eyl.19;
645;TUTANAK;24.09.2019;200,00   ;;200,00   ;DER GDERLER;DER;4  MENTO NDRME CRET;Eyl.19;
646;YALIN MARKET;26.09.2019;130,35   ;;130,35   ;DER GDERLER;GIDA/TEM.MLZ;AY 4, EKER, TEMZLK VS;Eyl.19;
647;TSULU LTD;28.09.2019;4,06   ;;4,06   ;DER GDERLER;GIDA/TEM.MLZ;OFSE MEYVE;Eyl.19;
648;TSULU LTD;28.09.2019;15,00   ;;15,00   ;DER GDERLER;GIDA/TEM.MLZ;KAHVALTILIK MALZ;Eyl.19;
649;TENGZ TSETSHLADZE;28.09.2019;6,00   ;;6,00   ;DER GDERLER;GIDA/TEM.MLZ;OFSE MEYVE;Eyl.19;
650;MACT ALPUTAM;29.09.2019;15,90   ;;15,90   ;DER GDERLER;GIDA/TEM.MLZ;KALEM PL 8 AD;Eyl.19;
651;TSULU LTD;29.09.2019;2,00   ;;2,00   ;DER GDERLER;GIDA/TEM.MLZ;EKMEK;Eyl.19;
652;MEDNA HASTANES LTD;28.09.2019;112,00   ;;112,00   ;TAMR/BAKIM;ELEPHANT;ELEFANT OPRT. GOCHA PAPADZE MUAYENE CRET;Eyl.19;
653;VG LTD;29.09.2019;48,00   ;;48,00   ;DER GDERLER;DER;MODEM ;Eyl.19;
654;SUAT LTD;29.09.2019;100,00   ;;100,00   ;DER GDERLER;YEMEK;TAHSN BEY, BAHATTN, H DLEK YEMEK;Eyl.19;
655;TSULU LTD;30.09.2019;2,00   ;;2,00   ;DER GDERLER;GIDA/TEM.MLZ;EKMEK;Eyl.19;
656;META LTD;30.09.2019;230,00   ;;230,00   ;TAMR/BAKIM;ELEPHANT;ELEFANT LARA HAVA VE YA FLTRES (2' ER AD);Eyl.19;
657;META LTD;30.09.2019;7,50   ;;7,50   ;TAMR/BAKIM;ELEPHANT;KUTUP BAI 1 AD;Eyl.19;
658;MTEFERK HARCAMA;30.09.2019;49,88   ;;49,88   ;DER GDERLER;DER;ETL ANTYE HARCAMALARI.KOLTUK TAMR - DOLMU CRET-KAHVALTI;Eyl.19;
659;NOKS LTD;1.10.2019;255,00   ;;255,00   ;MALZEME;HIRDAVAT;MERDVEN (5 mt ALMNYUM) 1 AD;Eki.19;
660;ENDAR ANANDZE;1.10.2019;55,00   ;;55,00   ;MALZEME;HIRDAVAT;FLTRE ANAHTARI 1 AD, KUTUP BAI 1 AD;Eki.19;
661;NTA LTD;1.10.2019;11,00   ;;11,00   ;DER GDERLER;YEMEK;LE YEME 4 K (H. DLEK);Eki.19;
662;TIRSAN LTD;1.10.2019;310,00   ;;310,00   ;TAMR/BAKIM;LANCHNG GRDER;LAN JENERATRE(FLTRE 4, DEPO KAPAK, BALATA TEMZLEYC);Eki.19;
663;MO MOTORS LTD;1.10.2019;234,00   ;;234,00   ;TAMR/BAKIM;LANCHNG GRDER;MOTOR YAI 15/40W 36 KG;Eki.19;
664;TSULU LTD;2.10.2019;11,70   ;;11,70   ;DER GDERLER;GIDA/TEM.MLZ;OFSE KAHVALTILIK;Eki.19;
665;META LTD;2.10.2019;142,00   ;;142,00   ;TAMR/BAKIM;06 AGR 36;HI UP BOMLARA 15 AD KEE;Eki.19;
666;HDRO GRUP LTD;2.10.2019;55,00   ;;55,00   ;TAMR/BAKIM;06 AGR 36;HI UP BOMLARA 4 AD KEE;Eki.19;
667;HDRO GRUP LTD;3.10.2019;20,00   ;;20,00   ;TAMR/BAKIM;06 AGR 36;HI UP KEE VE ORNG 1' ER AD;Eki.19;
668;YALIN MARKET LTD;3.10.2019;156,44   ;;156,44   ;DER GDERLER;GIDA/TEM.MLZ;OFSE AY, EKER, (LOJMAN) TEMZLK MALZ;Eki.19;
669;SOCAR GAS;3.10.2019;8,00   ;;8,00   ;LOJMAN;DOALGAZ;LOJMAN 1 DOALGAZ;Eki.19;
670;ENERGO PRO;3.10.2019;15,00   ;;15,00   ;LOJMAN;ELEKTRK;LOJMAN 1 ELEKTRK;Eki.19;
671;GENERAL MOTOR;3.10.2019;400,00   ;;400,00   ;TAMR/BAKIM;LANCHNG GRDER;AK 2 AD. -LAN JENERATRE;Eki.19;
672;ZUGO LTD;4.10.2019;36,00   ;;36,00   ;DER GDERLER;GIDA/TEM.MLZ;PET BARDAK 3000 AD;Eki.19;
673;RESPUBLKUR HASTANES;4.10.2019;40,00   ;;40,00   ;SALIK;DER;HASAN SAMALI GZDEN APAK IKARMA CR;Eki.19;
674;MO MOTORS LTD;4.10.2019;108,00   ;;108,00   ;TAMR/BAKIM;DER;90 NO MOTOR YAI 18 LT;Eki.19;
675;TSULU LTD;4.10.2019;2,00   ;;2,00   ;DER GDERLER;GIDA/TEM.MLZ;EKMEK;Eki.19;
676;SULKHAN KHOZREVANDZE;5.10.2019;120,00   ;;120,00   ;TAMR/BAKIM;06 AGR 36;HI UP HORTUM YAPIMI;Eki.19;
677;SULKHAN KHOZREVANDZE;5.10.2019;100,00   ;;100,00   ;TAMR/BAKIM;06 AGR 36;HI UP HORTUM BALIKLARI;Eki.19;
678;SUAT LTD;1.10.2019;28,00   ;;28,00   ;DER GDERLER;YEMEK;TAHSN BEY YEMEK;Eki.19;
679;VAJA GORGADZE;7.10.2019;3,00   ;;3,00   ;MALZEME;ELEKTRK MALZEME;AMPL 1 AD;Eki.19;
680;OLMP 2016;7.10.2019;6,00   ;;6,00   ;LOJMAN;DER;LOJMAN 1 AMAIR MAK. HORTUMU;Eki.19;
681;OLMP 2016;7.10.2019;1,00   ;;1,00   ;LOJMAN;DER;LOJMAN 1 MUSLUK CONTASI;Eki.19;
682;TSULU LTD;7.10.2019;2,00   ;;2,00   ;DER GDERLER;GIDA/TEM.MLZ;EKMEK;Eki.19;
683;TSULU LTD;5.10.2019;15,31   ;;15,31   ;DER GDERLER;GIDA/TEM.MLZ;KAHVALTILIK MALZ;Eki.19;
684;VEL KY LTD;3.10.2019;43,00   ;;43,00   ;DER GDERLER;GIDA/TEM.MLZ;YEMEK MALZ. (EREN, TAHSN BEY, BAHATTN, HALM);Eki.19;
685;TSULU LTD;8.10.2019;2,00   ;;2,00   ;DER GDERLER;GIDA/TEM.MLZ;EKMEK;Eki.19;
686;TSULU LTD;8.10.2019;1,00   ;;1,00   ;DER GDERLER;GIDA/TEM.MLZ;EKMEK;Eki.19;
687;SUAT LTD;7.10.2019;100,00   ;;100,00   ;DER GDERLER;YEMEK;TAHSN BEY, MR. LEE, OSMAN BEY YEMEK;Eki.19;
688;TAREL LTD;9.10.2019;7,75   ;;7,75   ;DER GDERLER;GIDA/TEM.MLZ;AKAM YEME N SEBZE;Eki.19;
689;YALIN MARKET;10.10.2019;51,35   ;;51,35   ;DER GDERLER;GIDA/TEM.MLZ;EKER 10, NESKAFE, ST TOZU, PEETE;Eki.19;
690;YALIN MARKET;10.10.2019;104,00   ;;104,00   ;DER GDERLER;GIDA/TEM.MLZ;AY 4 KG;Eki.19;
691;YALIN MARKET;11.10.2019;14,61   ;;14,61   ;DER GDERLER;GIDA/TEM.MLZ;KAHVALTILIK MALZ;Eki.19;
692;E-2010 LTD;11.10.2019;7,65   ;;7,65   ;KIRTASYE;KIRTASYE;KLASR 2, KALEM 13;Eki.19;
693;MAGT COM;11.10.2019;12,00   ;;12,00   ;LETM;NTERNET;H. DLEK HATTA 5 GB NTERNET;Eki.19;
694;MARNA ROBAKDZE;12.10.2019;30,00   ;;30,00   ;MALZEME;HIRDAVAT;PARA BEZ 10 KG;Eki.19;
695;ATLA LTD;7.10.2019;120,00   ;;120,00   ;DER GDERLER;GIDA/TEM.MLZ;TATLI (POLAT YOL OFSE);Eki.19;
696;CTADEL LTD;7.10.2019;60,00   ;;60,00   ;MALZEME;HIRDAVAT;ELDVEN 60 AD;Eki.19;
697;GENAD DEKANADZE;7.10.2019;742,00   ;;742,00   ;LOJMAN;KRA BEDEL;LOJMAN 1 EYLL KRASI;Eki.19;
698;DAVT TEKADZE;9.10.2019;316,00   ;;316,00   ;LOJMAN;KRA BEDEL;LOJMAN 2 EKM KRASI;Eki.19;
699;STELL KABLO LTD;10.10.2019;192,00   ;;192,00   ;MALZEME;ELEKTRK MALZEME;12 mm ELK HALAT 32 mt. (SEKZL PORTAL);Eki.19;
700;TERCMAN LTD;10.10.2019;100,00   ;;100,00   ;VERG/HAR;NOTER;EREN BEY 2. MDR ATAMA N BELGE HAZIRLAMA;Eki.19;
701;DERT GEO LTD (MALYE BAKANLII);10.10.2019;106,00   ;;106,00   ;VERG/HAR;NOTER;EREN BEY 2. MDR ATAMA N HAR;Eki.19;
702;DEVLET HAZNES;8.10.2019;102,50   ;;102,50   ;VERG/HAR;GMRK;ZMELER GMRK HZMET BEDEL;Eki.19;
703;RAMN BERDZE;11.10.2019;50,00   ;;50,00   ;DER GDERLER;DER;MENTO NDRME CRET (1 TIR);Eki.19;
704;ROLAND SHAVADZE;11.10.2019;50,00   ;;50,00   ;DER GDERLER;DER;MENTO NDRME CRET (1 TIR);Eki.19;
705;TEMUR ARTMELADZE;11.10.2019;50,00   ;;50,00   ;DER GDERLER;DER;MENTO NDRME CRET (1 TIR);Eki.19;
706;MNDA USHARDZE;11.10.2019;50,00   ;;50,00   ;DER GDERLER;DER;MENTO NDRME CRET (1 TIR);Eki.19;
707;SGORTA MERKEZ;8.10.2019;50,00   ;;50,00   ;VERG/HAR;06 DY 3031;06 DY 3031 PEJO 30 GNLK SGORTA;Eki.19;
708;CTADEL LTD;13.10.2019;336,00   ;;336,00   ;MALZEME;HIRDAVAT;KESME TAI 60 AD, ELDVEN 240 AD;Eki.19;
709;MACT ALPUTAM;14.10.2019;35,65   ;;35,65   ;DER GDERLER;YEMEK;YEMEKLK MALZ. (EREN BEY, PERSONEL);Eki.19;
710;TSULU LTD;15.10.2019;4,55   ;;4,55   ;DER GDERLER;GIDA/TEM.MLZ;DOMATES - EKMEK;Eki.19;
711;TSULU LTD;16.10.2019;2,00   ;;2,00   ;DER GDERLER;GIDA/TEM.MLZ;EKMEK;Eki.19;
712;DEVLET HAZNES;16.10.2019;51,00   ;;51,00   ;VERG/HAR;GMRK;EREN CAN MEK-GMRK HZMET-YG HALAT SRME MAK GTT;Eki.19;
713;VERG DARES ;30.09.2019;28.225,68   ;0,00   ;28.225,68   ;VERG/HAR; VERGS-MUHTASAR; VERGS-MUHTASAR. EYLL  2019;Eyl.19;
714;VERG DARES ;30.09.2019;0,00   ;75.276,46   ;75.276,46   ;VERG/HAR;KDV-1;KDV.EYLL 2019;Eyl.19;
715;VERG DARES ;8.10.2019;0,00   ;51,50   ;51,50   ;VERG/HAR;KDV-1;MOTOR, FLTRE KDV DEMES;Eki.19;
716;VERG DARES ;9.10.2019;0,00   ;122,00   ;122,00   ;VERG/HAR;KDV-1;TAHSN ZMEN- ZME KDV DEMES;Eki.19;
717;LKLER;30.09.2019;135.578,11   ;0,00   ;135.578,11   ;LK;MAA;EYLL 2019 MAALAR;Eyl.19;
718;LKLER;30.09.2019;-2.195,43   ;0,00   ;-2.195,43   ;LK;MAA;EYLL 2019 MAALAR.EYHMUS LTER DZELTME. TRKYE-DE ELDEN ALACAI KIDEM HESABINA SAYILDII N EYLL 2019 L GRCSTAN'DAN DENMEYECEK.;Eyl.19;
719;BES DEMES.  VE  VEREN;3.10.2019;1.674,13   ;0,00   ;1.674,13   ;LK;BES;EYLL  2019 LKLERE AT  + VEREN BES PAYLARI;Eyl.19;
720;BANK OF GEORGIA;17.09.2019;50,00   ;;50,00   ;BANKA MASRAF;DER;BANKA MASRAF.NAKT EKM KOMSYONU;Eyl.19;
721;BANK OF GEORGIA;17.09.2019;1,00   ;;1,00   ;BANKA MASRAF;DER;BANKA MASRAF.USD HESABINDAN GELEN 4,84 USD BOZDURMA MASRAFI;Eyl.19;
722;BANK OF GEORGIA;17.09.2019;60,25   ;;60,25   ;BANKA MASRAF;EFT MASRAF;BANKA MASRAF.VERG DARES EFT CRET;Eyl.19;
723;BANK OF GEORGIA;18.09.2019;7,87   ;;7,87   ;BANKA MASRAF;EFT MASRAF;BANKA MASRAF.CETO LOJSTK;Eyl.19;
724;BANK OF GEORGIA;18.09.2019;3,53   ;;3,53   ;BANKA MASRAF;EFT MASRAF;BANKA MASRAF.EFE TIR;Eyl.19;
725;BANK OF GEORGIA;20.09.2019;5,00   ;;5,00   ;BANKA MASRAF;DER;BANKA MASRAF.NAKT EKM KOMSYONU;Eyl.19;
726;BANK OF GEORGIA;20.09.2019;5,00   ;;5,00   ;BANKA MASRAF;DER;BANKA MASRAF.NAKT EKM KOMSYONU;Eyl.19;
727;BANK OF GEORGIA;20.09.2019;5,00   ;;5,00   ;BANKA MASRAF;DER;BANKA MASRAF.NAKT EKM KOMSYONU;Eyl.19;
728;BANK OF GEORGIA;20.09.2019;5,00   ;;5,00   ;BANKA MASRAF;DER;BANKA MASRAF.NAKT EKM KOMSYONU;Eyl.19;
729;BANK OF GEORGIA;20.09.2019;8,00   ;;8,00   ;BANKA MASRAF;DER;BANKA MASRAF.NAKT EKM KOMSYONU;Eyl.19;
730;BANK OF GEORGIA;23.09.2019;1,00   ;;1,00   ;BANKA MASRAF;EFT MASRAF;BANKA MASRAF.SULKHAN KHOZREVANIDZE TORNACI;Eyl.19;
731;BANK OF GEORGIA;24.09.2019;115,50   ;;115,50   ;BANKA MASRAF;EFT MASRAF;BANKA MASRAF.ZRAAT BANKASINA VRMAN;Eyl.19;
732;BANK OF GEORGIA;26.09.2019;5,00   ;;5,00   ;BANKA MASRAF;DER;BANKA MASRAF.NAKT EKM KOMSYONU;Eyl.19;
733;BANK OF GEORGIA;26.09.2019;5,00   ;;5,00   ;BANKA MASRAF;DER;BANKA MASRAF.NAKT EKM KOMSYONU;Eyl.19;
734;BANK OF GEORGIA;26.09.2019;5,00   ;;5,00   ;BANKA MASRAF;DER;BANKA MASRAF.NAKT EKM KOMSYONU;Eyl.19;
735;BANK OF GEORGIA;26.09.2019;1,00   ;;1,00   ;BANKA MASRAF;EFT MASRAF;BANKA MASRAF.RUSLAN ZDDZE CAR HESABINA MAHSUBEN;Eyl.19;
736;KAMBYO HESAPLAR;24.09.2019;2.687,50   ;0,00   ;2.687,50   ;BANKA MASRAF;DVZ;KAMBYO HESAPLAR---ALI-SATI ARASINDAK FARK.165.000 LAR---312,500 TL ALINDI;Eyl.19;
737;ZRAAT BANKASI-GEORGA-TL HESABI;24.09.2019;404,77   ;0,00   ;404,77   ;BANKA MASRAF;EFT MASRAF;BANKA MASRAF.M-AL NAAT TRANSFER;Eyl.19;
738;KAMBYO HESAPLAR;17.10.2019;0,03   ;0,00   ;0,03   ;BANKA MASRAF;DVZ;KAMBYO HESAPLAR---TL HESAPTAK 1,95 TL DEER KAYBETT;Eyl.19;
739;SULKHAN KHOZREVANDZE;20.09.2019;890,00   ;0,00   ;890,00   ;TAMR/BAKIM;DER; MAKNASI PARA MALATI;Eyl.19;
740;BANK OF GEORGA;18.09.2019;1,00   ;0,00   ;1,00   ;BANKA MASRAF;DER;SMS BLDRM CRET;Eyl.19;
741;BANK OF GEORGA;20.09.2019;1,00   ;0,00   ;1,00   ;BANKA MASRAF;DER;SMS BLDRM CRET;Eyl.19;
742;MAGT COM;7.03.2019;20,43   ;3,68   ;24,11   ;LETM;TELEFON/NTERNET;FATURA GE GELD.22.10.2019 TARHNDE GELD.;Eyl.19;
743;MAGT COM;15.03.2019;1,69   ;0,31   ;2,00   ;LETM;TELEFON/NTERNET;FATURA GE GELD.22.10.2019 TARHNDE GELD.HAT AKTVASYON BEDEL.591 093 013 TERCMAN N ALINAN;Eyl.19;
744;MAGT COM;15.03.2019;-0,51   ;0,00   ;-0,51   ;LETM;TELEFON/NTERNET;FARK.DENEN LE FATURA ARASINDA NEDEN KAYNAKLANDII BELL DEL;Eyl.19;
745;RUSLAN ZODZE;26.09.2019;200,00   ;0,00   ;200,00   ;TAMR/BAKIM;PORTAL VN;MOTOR SARIM CRET.SEKZL PORTAL VN;Eyl.19;
746;SOCAR PETROL;20.09.2019;643,22   ;115,78   ;759,00   ;AKARYAKIT;AKARYAKIT;DZEL 300 LT;Eyl.19;
747;SOCAR PETROL;20.09.2019;440,68   ;79,32   ;520,00   ;AKARYAKIT;AKARYAKIT;DZEL 200 LT;Eyl.19;
748;NANA PUTKARADZE;30.07.2019;270,00   ;0,00   ;270,00   ;TAMR/BAKIM;DER;MOTOR SARIM CRET.GTR USULU KDV YOK;Tem.19;
749;KAMBYO HESAPLAR;22.10.2019;452,66   ;0,00   ;452,66   ;BANKA MASRAF;DVZ;NAKLYECLER DVZ BOR DEME N ALINAN DOLAR HESABINDAK ZARAR;Eki.19;
750;M-AL NAAT EML.TAAH.DEK.PROJ.TUR.H.T.TC.VE SAN.LTD.T.;23.10.2019;0,00   ;0,00   ;0,00   ;KRA BEDEL;LANCHNG GRDER;0 $ = GEC HRACAT. LANCHNG GRDER VN ELK HALAT -SEHPA-BALANTI PARA;Eki.19;
751;CETO LOGISTIK LTD GEORGIA;25.10.2019;5.460,28   ;0,00   ;5.460,28   ;NAKLYE;NAKLYE;1.850$+KDV = ANKARA - BATUM NAKLYE ( LANCHNG YRY TAKIMLARI );Eki.19;
752;OSMAN SEVML TAERON;8.10.2019;-4.662,21   ;0,00   ;-4.662,21   ;LK;TAERON;1 NOLU TEMMUZ 2019 HAKED BEDEL;Tem.19;
753;OSMAN SEVML TAERON;8.10.2019;2.404,71   ;0,00   ;2.404,71   ;LK;TAERON;2 NOLU AUSTOS 2019 HAKED BEDEL;Au.19;
754;OSMAN SEVML TAERON;8.10.2019;4.764,70   ;0,00   ;4.764,70   ;LK;TAERON;3 NOLU EYLL 2019 HAKED BEDEL;Eyl.19;
755;M-AL NAAT EML.TAAH.DEK.PROJ.TUR.H.T.TC.VE SAN.LTD.T.;25.10.2019;70.908,00   ;0,00   ;70.908,00   ;KRA BEDEL;LANCHNG GRDER;24.000$= LAUNCHNG GRDER VNLER VE YRY TAKIMLARI 12 AYLIK KRA BEDEL;Eki.19;
756;CETO LOGISTIK LTD GEORGIA;30.10.2019;6.943,07   ;0,00   ;6.943,07   ;NAKLYE;NAKLYE;2.350$=ANKARA-BATUM NAKLYE.LANCHNG GRDER VNLER VE YRY TAKIMI;Eki.19;
757;NET SERVCE LTD;19.09.2019;50,96   ;0,00   ;50,96   ;LETM;NTERNET;NTERNET BEDEL;Au.19;
758;NET SERVCE LTD;19.10.2019;49,31   ;0,00   ;49,31   ;LETM;NTERNET;NTERNET BEDEL;Eyl.19;
759;BANK OF GEORGIA;21.10.2019;1,00   ;0,00   ;1,00   ;DER GDERLER;DER;SMS BLDRM CRET;Eyl.19;
760;BANK OF GEORGIA;1.10.2019;5,00   ;0,00   ;5,00   ;BANKA MASRAF;DER;BANKA MASRAF.NAKT EKM KOMSYONU;Eki.19;
761;BANK OF GEORGIA;1.10.2019;3,00   ;0,00   ;3,00   ;BANKA MASRAF;DER;BANKA MASRAF.NAKT EKM KOMSYONU;Eki.19;
762;BANK OF GEORGIA;1.10.2019;5,00   ;0,00   ;5,00   ;BANKA MASRAF;DER;BANKA MASRAF.NAKT EKM KOMSYONU;Eki.19;
763;BANK OF GEORGIA;1.10.2019;5,00   ;0,00   ;5,00   ;BANKA MASRAF;DER;BANKA MASRAF.NAKT EKM KOMSYONU;Eki.19;
764;BANK OF GEORGIA;2.10.2019;31,00   ;0,00   ;31,00   ;BANKA MASRAF;DER;BANKA MASRAF.NAKT EKM KOMSYONU;Eki.19;
765;BANK OF GEORGIA;16.10.2019;1,10   ;0,00   ;1,10   ;BANKA MASRAF;DER;BANKA MASRAF.NAKT EKM KOMSYONU;Eki.19;
766;BANK OF GEORGIA;22.10.2019;1,00   ;0,00   ;1,00   ;BANKA MASRAF;DER;BANKA MASRAF.LELA BAHATAVA MAA DEMES;Eki.19;
767;BANK OF GEORGIA;23.10.2019;1,00   ;0,00   ;1,00   ;BANKA MASRAF;DER;BANKA MASRAF.VERG DARES EFT CRET;Eki.19;
768;BANK OF GEORGIA;23.10.2019;20,36   ;0,00   ;20,36   ;BANKA MASRAF;DER;BANKA MASRAF.VERG DARES EFT CRET;Eki.19;
769;BANK OF GEORGIA;23.10.2019;84,32   ;0,00   ;84,32   ;BANKA MASRAF;DER;BANKA MASRAF.VERG DARES EFT CRET;Eki.19;
770;BANK OF GEORGIA;24.10.2019;5,00   ;0,00   ;5,00   ;BANKA MASRAF;DER;BANKA MASRAF.NAKT EKM KOMSYONU;Eki.19;
771;BANK OF GEORGIA;24.10.2019;5,00   ;0,00   ;5,00   ;BANKA MASRAF;DER;BANKA MASRAF.NAKT EKM KOMSYONU;Eki.19;
772;BANK OF GEORGIA;24.10.2019;13,36   ;0,00   ;13,36   ;BANKA MASRAF;DER;BANKA MASRAF.VERG DARES EFT CRET;Eki.19;
773;BANK OF GEORGIA;24.10.2019;1,00   ;0,00   ;1,00   ;BANKA MASRAF;DER;BANKA MASRAF.VERG DARES EFT CRET;Eki.19;
774;BANK OF GEORGIA;25.10.2019;1,00   ;0,00   ;1,00   ;BANKA MASRAF;DER;BANKA MASRAF.RUSLAN ZODZE CAR HESABINA;Eki.19;
775;BANK OF GEORGIA;28.10.2019;5,00   ;0,00   ;5,00   ;BANKA MASRAF;DER;BANKA MASRAF.NAKT EKM KOMSYONU;Eki.19;
776;BANK OF GEORGIA;28.10.2019;5,00   ;0,00   ;5,00   ;BANKA MASRAF;DER;BANKA MASRAF.NAKT EKM KOMSYONU;Eki.19;
777;BANK OF GEORGIA;28.10.2019;5,00   ;0,00   ;5,00   ;BANKA MASRAF;DER;BANKA MASRAF.NAKT EKM KOMSYONU;Eki.19;
778;BANK OF GEORGIA;28.10.2019;5,00   ;0,00   ;5,00   ;BANKA MASRAF;DER;BANKA MASRAF.NAKT EKM KOMSYONU;Eki.19;
779;BANK OF GEORGIA;30.10.2019;2,60   ;0,00   ;2,60   ;BANKA MASRAF;DER;BANKA MASRAF.NAKT EKM KOMSYONU;Eki.19;
780;BANK OF GEORGIA;1.11.2019;0,60   ;0,00   ;0,60   ;BANKA MASRAF;DER;BANKA MASRAF.NAKT EKM KOMSYONU;Kas.19;
781;BANK OF GEORGIA;1.11.2019;80,00   ;0,00   ;80,00   ;BANKA MASRAF;DER;BANKA MASRAF.NAKT EKM KOMSYONU;Kas.19;
782;COMPULSORY INSURANCE CENTER -  ZORUNLU DEVLET SGORTA MERKEZ;29.10.2019;250,00   ;0,00   ;250,00   ;VERG/HAR;06 AGR 36;1 YILLIK SGORTA MASRAFI;Eki.19;
;NOKS LTD;6.09.2019;247;0;247;MALZEME;HIRDAVAT;12'LK U - MANDREN-  AYAKKABISI-MANDREN SABTLEYC;Eki.19;
;NOKS LTD;10.09.2019;926;0;926;MALZEME;HIRDAVAT;KESME TAI-ELEKTRK BANDI - ELDVEN;Eki.19;
;NOKS LTD;11.09.2019;657;0;657;MALZEME;HIRDAVAT; AYAKKABISI - KESME TAI - YAMURLUK;Eki.19;
;NOKS LTD;12.09.2019;8;0;8;MALZEME;HIRDAVAT;JAPON YAPITIRICI - ELK METRE;Eki.19;
;NOKS LTD;20.09.2019;185;0;185;MALZEME;HIRDAVAT;KESME TAI;Eki.19;
;NOKS LTD;20.09.2019;72;0;723;MALZEME;HIRDAVAT;YELEK-BALO HORTUMU - FALATA - ELDVEN;Eki.19;
;NOKS LTD;23.09.2019;247;0;247;MALZEME;HIRDAVAT;KESME TAI - ERT METRE - MN EL FENER;Eki.19;
;NOKS LTD;23.09.2019;60;0;60;MALZEME;HIRDAVAT;MARKR KALEM 2 ADET;Eki.19;
;;10.04.2019;-46305,69;-8084,98;-54390,67;HAKED;HAKED;NSAN HAKED;Nis.19;
;;10.04.2019;-1389,16;0;-1389,16;HAKED;TEMNAT KESNTS;NSAN TEMNAT KESNTS;Nis.19;
;;10.04.2019;;;;;;;Nis.19;218,16
;;23.05.2019;-72327,25;-12628,34;-84955,59;HAKED;HAKED;MAYIS HAKED ;May.19;
;;23.05.2019;-2169,83;0;-2169,83;HAKED;TEMNAT KESNTS;MAYIS TEMNAT KESNTS;May.19;
;;23.05.2019;;;;;;;May.19;332,55
;;30.06.2019;-77296,32;-12964,26;-90260,58;HAKED;HAKED;HAZRAN HAKED;Tem.19;
;;30.06.2019;-5272,57;0;-5272,57;HAKED;TEMNAT KESNTS;HAZRAN TEMNAT KESNTS;Tem.19;
;;30.06.2019;6786,78;0;6786,78;HAKED;HAKED KESNTS;HAZRAN AYI HAKED KESNTS;Tem.19;
;;30.06.2019;;;;;;;Tem.19;346,92
;;31.07.2019;-307446,8;-54874,05;-362320,85;HAKED;HAKED;TEMMUZ HAKED;Tem.19;
;;31.07.2019;-10791,89;0;-10791,89;HAKED;TEMNAT KESNTS;TEMMUZ TEMNAT KESNTS;Tem.19;
;;31.07.2019;2590,92;0;2590,92;HAKED;HAKED KESNTS;TEMMUZ HAKED KESNTS;Tem.19;
;;31.07.2019;;;;;;;Tem.19;1360,65
;;31.08.2019;-429831,57;-77369,69;-507201,26;HAKED;HAKED;AUSTOS HAKED;Au.19;
;;31.08.2019;-15216,04;0;-15216,04;HAKED;TEMNAT KESNTS;AUSTOS TEMNAT KESNTS;Au.19;
;;31.08.2019;;;;;;;Au.19;1846,42
;;30.09.2019;-427303,3;-76914,61;-504217,91;HAKED;HAKED;EYLL HAKED;Eyl.19;
;;30.09.2019;-15126,55;0;-15126,55;HAKED;TEMNAT KESNTS;EYLL TEMNAT KESNTS;Eyl.19;
;;30.09.2019;4829,95;0;4829,95;HAKED;HAKED KESNTS;EYLL HAKED KESNTS;Eyl.19;
;;30.09.2019;;;;;;;;1903,5
;;;;;;;;;;
;;;;;;;;;;
;;;;;;;;;;
;;;;;;;;;;
;;;;;;;;;;
;;;;;;;;;;
